connect cliente_usr/cliente123;
insert into SESION (CLIENTE_ID, NO_SESION, FECHA_INICIO, DURACION, MODALIDAD, INSTRUCTOR, SALA_ID) values (1, 1, '02-Oct-2022', 111, 'PRESENCIAL', 286, 5);
insert into SESION (CLIENTE_ID, NO_SESION, FECHA_INICIO, DURACION, MODALIDAD, INSTRUCTOR, SALA_ID) values (2, 1, '03-Aug-2022', 67, 'PRESENCIAL', 318, 99);
insert into SESION (CLIENTE_ID, NO_SESION, FECHA_INICIO, DURACION, MODALIDAD, INSTRUCTOR, SALA_ID) values (3, 1, '30-Mar-2022', 196, 'PRESENCIAL', 400, 135);
insert into SESION (CLIENTE_ID, NO_SESION, FECHA_INICIO, DURACION, MODALIDAD, INSTRUCTOR, SALA_ID) values (4, 1, '20-Oct-2022', 15, 'PRESENCIAL', 227, 59);
insert into SESION (CLIENTE_ID, NO_SESION, FECHA_INICIO, DURACION, MODALIDAD, INSTRUCTOR, SALA_ID) values (5, 1, '02-Aug-2022', 39, 'PRESENCIAL', 269, 108);
insert into SESION (CLIENTE_ID, NO_SESION, FECHA_INICIO, DURACION, MODALIDAD, INSTRUCTOR, SALA_ID) values (6, 1, '24-Dec-2022', 235, 'PRESENCIAL', 417, 33);
insert into SESION (CLIENTE_ID, NO_SESION, FECHA_INICIO, DURACION, MODALIDAD, INSTRUCTOR, SALA_ID) values (7, 1, '23-Oct-2022', 89, 'EN LINEA', 357, 200);
insert into SESION (CLIENTE_ID, NO_SESION, FECHA_INICIO, DURACION, MODALIDAD, INSTRUCTOR, SALA_ID) values (8, 1, '18-Jul-2022', 201, 'PRESENCIAL', 212, 63);
insert into SESION (CLIENTE_ID, NO_SESION, FECHA_INICIO, DURACION, MODALIDAD, INSTRUCTOR, SALA_ID) values (9, 1, '26-Jun-2022', 163, 'EN LINEA', 287, 180);
insert into SESION (CLIENTE_ID, NO_SESION, FECHA_INICIO, DURACION, MODALIDAD, INSTRUCTOR, SALA_ID) values (10, 1, '12-Apr-2022', 203, 'EN LINEA', 343, 195);
insert into SESION (CLIENTE_ID, NO_SESION, FECHA_INICIO, DURACION, MODALIDAD, INSTRUCTOR, SALA_ID) values (11, 1, '06-Jul-2022', 79, 'PRESENCIAL', 271, 178);
insert into SESION (CLIENTE_ID, NO_SESION, FECHA_INICIO, DURACION, MODALIDAD, INSTRUCTOR, SALA_ID) values (12, 1, '05-Jan-2023', 109, 'PRESENCIAL', 346, 60);
insert into SESION (CLIENTE_ID, NO_SESION, FECHA_INICIO, DURACION, MODALIDAD, INSTRUCTOR, SALA_ID) values (13, 1, '21-Aug-2022', 211, 'PRESENCIAL', 336, 74);
insert into SESION (CLIENTE_ID, NO_SESION, FECHA_INICIO, DURACION, MODALIDAD, INSTRUCTOR, SALA_ID) values (14, 1, '01-Jan-2023', 152, 'PRESENCIAL', 474, 62);
insert into SESION (CLIENTE_ID, NO_SESION, FECHA_INICIO, DURACION, MODALIDAD, INSTRUCTOR, SALA_ID) values (15, 1, '04-Aug-2022', 97, 'PRESENCIAL', 274, 158);
insert into SESION (CLIENTE_ID, NO_SESION, FECHA_INICIO, DURACION, MODALIDAD, INSTRUCTOR, SALA_ID) values (16, 1, '09-Apr-2022', 117, 'EN LINEA', 492, 192);
insert into SESION (CLIENTE_ID, NO_SESION, FECHA_INICIO, DURACION, MODALIDAD, INSTRUCTOR, SALA_ID) values (17, 1, '12-Jan-2023', 201, 'PRESENCIAL', 361, 34);
insert into SESION (CLIENTE_ID, NO_SESION, FECHA_INICIO, DURACION, MODALIDAD, INSTRUCTOR, SALA_ID) values (18, 1, '11-Nov-2022', 145, 'EN LINEA', 396, 69);
insert into SESION (CLIENTE_ID, NO_SESION, FECHA_INICIO, DURACION, MODALIDAD, INSTRUCTOR, SALA_ID) values (19, 1, '05-Nov-2022', 189, 'EN LINEA', 372, 136);
insert into SESION (CLIENTE_ID, NO_SESION, FECHA_INICIO, DURACION, MODALIDAD, INSTRUCTOR, SALA_ID) values (20, 1, '27-Oct-2022', 45, 'PRESENCIAL', 263, 8);
insert into SESION (CLIENTE_ID, NO_SESION, FECHA_INICIO, DURACION, MODALIDAD, INSTRUCTOR, SALA_ID) values (21, 1, '10-May-2022', 155, 'EN LINEA', 393, 119);
insert into SESION (CLIENTE_ID, NO_SESION, FECHA_INICIO, DURACION, MODALIDAD, INSTRUCTOR, SALA_ID) values (22, 1, '09-May-2022', 181, 'EN LINEA', 240, 157);
insert into SESION (CLIENTE_ID, NO_SESION, FECHA_INICIO, DURACION, MODALIDAD, INSTRUCTOR, SALA_ID) values (23, 1, '08-Sep-2022', 57, 'PRESENCIAL', 383, 126);
insert into SESION (CLIENTE_ID, NO_SESION, FECHA_INICIO, DURACION, MODALIDAD, INSTRUCTOR, SALA_ID) values (24, 1, '15-Apr-2022', 117, 'PRESENCIAL', 287, 15);
insert into SESION (CLIENTE_ID, NO_SESION, FECHA_INICIO, DURACION, MODALIDAD, INSTRUCTOR, SALA_ID) values (25, 1, '03-Jul-2022', 196, 'EN LINEA', 474, 44);
insert into SESION (CLIENTE_ID, NO_SESION, FECHA_INICIO, DURACION, MODALIDAD, INSTRUCTOR, SALA_ID) values (26, 1, '26-Feb-2022', 133, 'PRESENCIAL', 202, 43);
insert into SESION (CLIENTE_ID, NO_SESION, FECHA_INICIO, DURACION, MODALIDAD, INSTRUCTOR, SALA_ID) values (27, 1, '28-Dec-2022', 57, 'EN LINEA', 420, 65);
insert into SESION (CLIENTE_ID, NO_SESION, FECHA_INICIO, DURACION, MODALIDAD, INSTRUCTOR, SALA_ID) values (28, 1, '13-May-2022', 81, 'EN LINEA', 292, 117);
insert into SESION (CLIENTE_ID, NO_SESION, FECHA_INICIO, DURACION, MODALIDAD, INSTRUCTOR, SALA_ID) values (29, 1, '24-Jun-2022', 170, 'EN LINEA', 391, 149);
insert into SESION (CLIENTE_ID, NO_SESION, FECHA_INICIO, DURACION, MODALIDAD, INSTRUCTOR, SALA_ID) values (30, 1, '06-Sep-2022', 62, 'PRESENCIAL', 399, 125);
insert into SESION (CLIENTE_ID, NO_SESION, FECHA_INICIO, DURACION, MODALIDAD, INSTRUCTOR, SALA_ID) values (31, 1, '12-Nov-2022', 205, 'EN LINEA', 431, 105);
insert into SESION (CLIENTE_ID, NO_SESION, FECHA_INICIO, DURACION, MODALIDAD, INSTRUCTOR, SALA_ID) values (32, 1, '15-Oct-2022', 60, 'EN LINEA', 221, 20);
insert into SESION (CLIENTE_ID, NO_SESION, FECHA_INICIO, DURACION, MODALIDAD, INSTRUCTOR, SALA_ID) values (33, 1, '30-Jul-2022', 128, 'EN LINEA', 457, 111);
insert into SESION (CLIENTE_ID, NO_SESION, FECHA_INICIO, DURACION, MODALIDAD, INSTRUCTOR, SALA_ID) values (34, 1, '20-Dec-2022', 212, 'EN LINEA', 310, 103);
insert into SESION (CLIENTE_ID, NO_SESION, FECHA_INICIO, DURACION, MODALIDAD, INSTRUCTOR, SALA_ID) values (35, 1, '24-Jul-2022', 53, 'EN LINEA', 416, 158);
insert into SESION (CLIENTE_ID, NO_SESION, FECHA_INICIO, DURACION, MODALIDAD, INSTRUCTOR, SALA_ID) values (36, 1, '14-Apr-2022', 234, 'EN LINEA', 381, 48);
insert into SESION (CLIENTE_ID, NO_SESION, FECHA_INICIO, DURACION, MODALIDAD, INSTRUCTOR, SALA_ID) values (37, 1, '31-Mar-2022', 189, 'EN LINEA', 254, 92);
insert into SESION (CLIENTE_ID, NO_SESION, FECHA_INICIO, DURACION, MODALIDAD, INSTRUCTOR, SALA_ID) values (38, 1, '06-Jun-2022', 68, 'EN LINEA', 237, 8);
insert into SESION (CLIENTE_ID, NO_SESION, FECHA_INICIO, DURACION, MODALIDAD, INSTRUCTOR, SALA_ID) values (39, 1, '03-Nov-2022', 107, 'EN LINEA', 259, 24);
insert into SESION (CLIENTE_ID, NO_SESION, FECHA_INICIO, DURACION, MODALIDAD, INSTRUCTOR, SALA_ID) values (40, 1, '07-Apr-2022', 206, 'EN LINEA', 356, 92);
insert into SESION (CLIENTE_ID, NO_SESION, FECHA_INICIO, DURACION, MODALIDAD, INSTRUCTOR, SALA_ID) values (41, 1, '23-Jan-2022', 60, 'EN LINEA', 400, 9);
insert into SESION (CLIENTE_ID, NO_SESION, FECHA_INICIO, DURACION, MODALIDAD, INSTRUCTOR, SALA_ID) values (42, 1, '25-Mar-2022', 226, 'EN LINEA', 354, 184);
insert into SESION (CLIENTE_ID, NO_SESION, FECHA_INICIO, DURACION, MODALIDAD, INSTRUCTOR, SALA_ID) values (43, 1, '15-Jun-2022', 113, 'PRESENCIAL', 203, 188);
insert into SESION (CLIENTE_ID, NO_SESION, FECHA_INICIO, DURACION, MODALIDAD, INSTRUCTOR, SALA_ID) values (44, 1, '11-Apr-2022', 77, 'PRESENCIAL', 324, 11);
insert into SESION (CLIENTE_ID, NO_SESION, FECHA_INICIO, DURACION, MODALIDAD, INSTRUCTOR, SALA_ID) values (45, 1, '13-Mar-2022', 97, 'PRESENCIAL', 368, 130);
insert into SESION (CLIENTE_ID, NO_SESION, FECHA_INICIO, DURACION, MODALIDAD, INSTRUCTOR, SALA_ID) values (46, 1, '14-May-2022', 98, 'PRESENCIAL', 252, 71);
insert into SESION (CLIENTE_ID, NO_SESION, FECHA_INICIO, DURACION, MODALIDAD, INSTRUCTOR, SALA_ID) values (47, 1, '25-May-2022', 152, 'PRESENCIAL', 230, 44);
insert into SESION (CLIENTE_ID, NO_SESION, FECHA_INICIO, DURACION, MODALIDAD, INSTRUCTOR, SALA_ID) values (48, 1, '25-Jan-2022', 15, 'PRESENCIAL', 259, 164);
insert into SESION (CLIENTE_ID, NO_SESION, FECHA_INICIO, DURACION, MODALIDAD, INSTRUCTOR, SALA_ID) values (49, 1, '23-Aug-2022', 200, 'EN LINEA', 404, 4);
insert into SESION (CLIENTE_ID, NO_SESION, FECHA_INICIO, DURACION, MODALIDAD, INSTRUCTOR, SALA_ID) values (50, 1, '26-Nov-2022', 208, 'EN LINEA', 245, 92);
insert into SESION (CLIENTE_ID, NO_SESION, FECHA_INICIO, DURACION, MODALIDAD, INSTRUCTOR, SALA_ID) values (51, 1, '02-Aug-2022', 146, 'PRESENCIAL', 479, 176);
insert into SESION (CLIENTE_ID, NO_SESION, FECHA_INICIO, DURACION, MODALIDAD, INSTRUCTOR, SALA_ID) values (52, 1, '20-Mar-2022', 146, 'PRESENCIAL', 483, 1);
insert into SESION (CLIENTE_ID, NO_SESION, FECHA_INICIO, DURACION, MODALIDAD, INSTRUCTOR, SALA_ID) values (53, 1, '16-Oct-2022', 146, 'EN LINEA', 343, 92);
insert into SESION (CLIENTE_ID, NO_SESION, FECHA_INICIO, DURACION, MODALIDAD, INSTRUCTOR, SALA_ID) values (54, 1, '18-Mar-2022', 159, 'PRESENCIAL', 270, 71);
insert into SESION (CLIENTE_ID, NO_SESION, FECHA_INICIO, DURACION, MODALIDAD, INSTRUCTOR, SALA_ID) values (55, 1, '21-Oct-2022', 39, 'PRESENCIAL', 255, 188);
insert into SESION (CLIENTE_ID, NO_SESION, FECHA_INICIO, DURACION, MODALIDAD, INSTRUCTOR, SALA_ID) values (56, 1, '16-Apr-2022', 137, 'PRESENCIAL', 266, 75);
insert into SESION (CLIENTE_ID, NO_SESION, FECHA_INICIO, DURACION, MODALIDAD, INSTRUCTOR, SALA_ID) values (57, 1, '21-Apr-2022', 183, 'EN LINEA', 466, 131);
insert into SESION (CLIENTE_ID, NO_SESION, FECHA_INICIO, DURACION, MODALIDAD, INSTRUCTOR, SALA_ID) values (58, 1, '11-Oct-2022', 213, 'PRESENCIAL', 473, 20);
insert into SESION (CLIENTE_ID, NO_SESION, FECHA_INICIO, DURACION, MODALIDAD, INSTRUCTOR, SALA_ID) values (59, 1, '14-Feb-2022', 57, 'PRESENCIAL', 270, 14);
insert into SESION (CLIENTE_ID, NO_SESION, FECHA_INICIO, DURACION, MODALIDAD, INSTRUCTOR, SALA_ID) values (60, 1, '12-Jul-2022', 106, 'PRESENCIAL', 310, 149);
insert into SESION (CLIENTE_ID, NO_SESION, FECHA_INICIO, DURACION, MODALIDAD, INSTRUCTOR, SALA_ID) values (61, 1, '06-Jun-2022', 2, 'PRESENCIAL', 223, 91);
insert into SESION (CLIENTE_ID, NO_SESION, FECHA_INICIO, DURACION, MODALIDAD, INSTRUCTOR, SALA_ID) values (62, 1, '03-Aug-2022', 4, 'EN LINEA', 228, 5);
insert into SESION (CLIENTE_ID, NO_SESION, FECHA_INICIO, DURACION, MODALIDAD, INSTRUCTOR, SALA_ID) values (63, 1, '10-Apr-2022', 52, 'EN LINEA', 290, 159);
insert into SESION (CLIENTE_ID, NO_SESION, FECHA_INICIO, DURACION, MODALIDAD, INSTRUCTOR, SALA_ID) values (64, 1, '01-Feb-2022', 37, 'PRESENCIAL', 413, 69);
insert into SESION (CLIENTE_ID, NO_SESION, FECHA_INICIO, DURACION, MODALIDAD, INSTRUCTOR, SALA_ID) values (65, 1, '21-May-2022', 117, 'PRESENCIAL', 254, 142);
insert into SESION (CLIENTE_ID, NO_SESION, FECHA_INICIO, DURACION, MODALIDAD, INSTRUCTOR, SALA_ID) values (66, 1, '10-Jun-2022', 44, 'PRESENCIAL', 233, 186);
insert into SESION (CLIENTE_ID, NO_SESION, FECHA_INICIO, DURACION, MODALIDAD, INSTRUCTOR, SALA_ID) values (67, 1, '16-Dec-2022', 122, 'PRESENCIAL', 258, 104);
insert into SESION (CLIENTE_ID, NO_SESION, FECHA_INICIO, DURACION, MODALIDAD, INSTRUCTOR, SALA_ID) values (68, 1, '08-Oct-2022', 237, 'EN LINEA', 279, 87);
insert into SESION (CLIENTE_ID, NO_SESION, FECHA_INICIO, DURACION, MODALIDAD, INSTRUCTOR, SALA_ID) values (69, 1, '16-May-2022', 54, 'PRESENCIAL', 314, 73);
insert into SESION (CLIENTE_ID, NO_SESION, FECHA_INICIO, DURACION, MODALIDAD, INSTRUCTOR, SALA_ID) values (70, 1, '15-Feb-2022', 56, 'PRESENCIAL', 291, 131);
insert into SESION (CLIENTE_ID, NO_SESION, FECHA_INICIO, DURACION, MODALIDAD, INSTRUCTOR, SALA_ID) values (71, 1, '08-Dec-2022', 52, 'PRESENCIAL', 387, 191);
insert into SESION (CLIENTE_ID, NO_SESION, FECHA_INICIO, DURACION, MODALIDAD, INSTRUCTOR, SALA_ID) values (72, 1, '13-Mar-2022', 159, 'EN LINEA', 252, 141);
insert into SESION (CLIENTE_ID, NO_SESION, FECHA_INICIO, DURACION, MODALIDAD, INSTRUCTOR, SALA_ID) values (73, 1, '17-Sep-2022', 1, 'EN LINEA', 331, 167);
insert into SESION (CLIENTE_ID, NO_SESION, FECHA_INICIO, DURACION, MODALIDAD, INSTRUCTOR, SALA_ID) values (74, 1, '31-May-2022', 226, 'PRESENCIAL', 260, 124);
insert into SESION (CLIENTE_ID, NO_SESION, FECHA_INICIO, DURACION, MODALIDAD, INSTRUCTOR, SALA_ID) values (75, 1, '01-Sep-2022', 80, 'PRESENCIAL', 349, 88);
insert into SESION (CLIENTE_ID, NO_SESION, FECHA_INICIO, DURACION, MODALIDAD, INSTRUCTOR, SALA_ID) values (76, 1, '22-Nov-2022', 88, 'PRESENCIAL', 437, 48);
insert into SESION (CLIENTE_ID, NO_SESION, FECHA_INICIO, DURACION, MODALIDAD, INSTRUCTOR, SALA_ID) values (77, 1, '29-Dec-2022', 229, 'EN LINEA', 392, 33);
insert into SESION (CLIENTE_ID, NO_SESION, FECHA_INICIO, DURACION, MODALIDAD, INSTRUCTOR, SALA_ID) values (78, 1, '04-Feb-2022', 191, 'PRESENCIAL', 380, 157);
insert into SESION (CLIENTE_ID, NO_SESION, FECHA_INICIO, DURACION, MODALIDAD, INSTRUCTOR, SALA_ID) values (79, 1, '08-May-2022', 228, 'PRESENCIAL', 463, 65);
insert into SESION (CLIENTE_ID, NO_SESION, FECHA_INICIO, DURACION, MODALIDAD, INSTRUCTOR, SALA_ID) values (80, 1, '30-Jun-2022', 2, 'EN LINEA', 429, 107);
insert into SESION (CLIENTE_ID, NO_SESION, FECHA_INICIO, DURACION, MODALIDAD, INSTRUCTOR, SALA_ID) values (81, 1, '30-Jul-2022', 208, 'EN LINEA', 223, 84);
insert into SESION (CLIENTE_ID, NO_SESION, FECHA_INICIO, DURACION, MODALIDAD, INSTRUCTOR, SALA_ID) values (82, 1, '13-Apr-2022', 12, 'PRESENCIAL', 256, 190);
insert into SESION (CLIENTE_ID, NO_SESION, FECHA_INICIO, DURACION, MODALIDAD, INSTRUCTOR, SALA_ID) values (83, 1, '17-Jan-2023', 96, 'EN LINEA', 273, 101);
insert into SESION (CLIENTE_ID, NO_SESION, FECHA_INICIO, DURACION, MODALIDAD, INSTRUCTOR, SALA_ID) values (84, 1, '13-Nov-2022', 193, 'PRESENCIAL', 442, 98);
insert into SESION (CLIENTE_ID, NO_SESION, FECHA_INICIO, DURACION, MODALIDAD, INSTRUCTOR, SALA_ID) values (85, 1, '08-Feb-2022', 152, 'EN LINEA', 480, 25);
insert into SESION (CLIENTE_ID, NO_SESION, FECHA_INICIO, DURACION, MODALIDAD, INSTRUCTOR, SALA_ID) values (86, 1, '07-Oct-2022', 224, 'PRESENCIAL', 211, 66);
insert into SESION (CLIENTE_ID, NO_SESION, FECHA_INICIO, DURACION, MODALIDAD, INSTRUCTOR, SALA_ID) values (87, 1, '22-Dec-2022', 212, 'EN LINEA', 433, 156);
insert into SESION (CLIENTE_ID, NO_SESION, FECHA_INICIO, DURACION, MODALIDAD, INSTRUCTOR, SALA_ID) values (88, 1, '30-Oct-2022', 76, 'PRESENCIAL', 498, 34);
insert into SESION (CLIENTE_ID, NO_SESION, FECHA_INICIO, DURACION, MODALIDAD, INSTRUCTOR, SALA_ID) values (89, 1, '03-Mar-2022', 126, 'EN LINEA', 308, 14);
insert into SESION (CLIENTE_ID, NO_SESION, FECHA_INICIO, DURACION, MODALIDAD, INSTRUCTOR, SALA_ID) values (90, 1, '12-May-2022', 104, 'EN LINEA', 470, 92);
insert into SESION (CLIENTE_ID, NO_SESION, FECHA_INICIO, DURACION, MODALIDAD, INSTRUCTOR, SALA_ID) values (91, 1, '31-Dec-2022', 135, 'PRESENCIAL', 351, 38);
insert into SESION (CLIENTE_ID, NO_SESION, FECHA_INICIO, DURACION, MODALIDAD, INSTRUCTOR, SALA_ID) values (92, 1, '11-Jul-2022', 136, 'PRESENCIAL', 288, 97);
insert into SESION (CLIENTE_ID, NO_SESION, FECHA_INICIO, DURACION, MODALIDAD, INSTRUCTOR, SALA_ID) values (93, 1, '01-Jan-2023', 129, 'PRESENCIAL', 361, 188);
insert into SESION (CLIENTE_ID, NO_SESION, FECHA_INICIO, DURACION, MODALIDAD, INSTRUCTOR, SALA_ID) values (94, 1, '30-Oct-2022', 142, 'EN LINEA', 418, 36);
insert into SESION (CLIENTE_ID, NO_SESION, FECHA_INICIO, DURACION, MODALIDAD, INSTRUCTOR, SALA_ID) values (95, 1, '15-Jul-2022', 18, 'EN LINEA', 376, 3);
insert into SESION (CLIENTE_ID, NO_SESION, FECHA_INICIO, DURACION, MODALIDAD, INSTRUCTOR, SALA_ID) values (96, 1, '09-Jul-2022', 16, 'PRESENCIAL', 243, 99);
insert into SESION (CLIENTE_ID, NO_SESION, FECHA_INICIO, DURACION, MODALIDAD, INSTRUCTOR, SALA_ID) values (97, 1, '21-Oct-2022', 36, 'EN LINEA', 276, 192);
insert into SESION (CLIENTE_ID, NO_SESION, FECHA_INICIO, DURACION, MODALIDAD, INSTRUCTOR, SALA_ID) values (98, 1, '07-Mar-2022', 137, 'PRESENCIAL', 476, 46);
insert into SESION (CLIENTE_ID, NO_SESION, FECHA_INICIO, DURACION, MODALIDAD, INSTRUCTOR, SALA_ID) values (99, 1, '16-Jun-2022', 47, 'EN LINEA', 477, 167);
insert into SESION (CLIENTE_ID, NO_SESION, FECHA_INICIO, DURACION, MODALIDAD, INSTRUCTOR, SALA_ID) values (100, 1, '07-Apr-2022', 100, 'PRESENCIAL', 323, 179);
insert into SESION (CLIENTE_ID, NO_SESION, FECHA_INICIO, DURACION, MODALIDAD, INSTRUCTOR, SALA_ID) values (101, 1, '13-Oct-2022', 5, 'PRESENCIAL', 370, 119);
insert into SESION (CLIENTE_ID, NO_SESION, FECHA_INICIO, DURACION, MODALIDAD, INSTRUCTOR, SALA_ID) values (102, 1, '09-Jul-2022', 55, 'PRESENCIAL', 422, 74);
insert into SESION (CLIENTE_ID, NO_SESION, FECHA_INICIO, DURACION, MODALIDAD, INSTRUCTOR, SALA_ID) values (103, 1, '24-Oct-2022', 24, 'PRESENCIAL', 492, 29);
insert into SESION (CLIENTE_ID, NO_SESION, FECHA_INICIO, DURACION, MODALIDAD, INSTRUCTOR, SALA_ID) values (104, 1, '07-Apr-2022', 3, 'PRESENCIAL', 447, 183);
insert into SESION (CLIENTE_ID, NO_SESION, FECHA_INICIO, DURACION, MODALIDAD, INSTRUCTOR, SALA_ID) values (105, 1, '12-Jun-2022', 236, 'EN LINEA', 397, 73);
insert into SESION (CLIENTE_ID, NO_SESION, FECHA_INICIO, DURACION, MODALIDAD, INSTRUCTOR, SALA_ID) values (106, 1, '12-Feb-2022', 197, 'PRESENCIAL', 360, 143);
insert into SESION (CLIENTE_ID, NO_SESION, FECHA_INICIO, DURACION, MODALIDAD, INSTRUCTOR, SALA_ID) values (107, 1, '31-Dec-2022', 234, 'EN LINEA', 232, 36);
insert into SESION (CLIENTE_ID, NO_SESION, FECHA_INICIO, DURACION, MODALIDAD, INSTRUCTOR, SALA_ID) values (108, 1, '25-Jan-2022', 164, 'EN LINEA', 441, 7);
insert into SESION (CLIENTE_ID, NO_SESION, FECHA_INICIO, DURACION, MODALIDAD, INSTRUCTOR, SALA_ID) values (109, 1, '13-Nov-2022', 193, 'PRESENCIAL', 371, 185);
insert into SESION (CLIENTE_ID, NO_SESION, FECHA_INICIO, DURACION, MODALIDAD, INSTRUCTOR, SALA_ID) values (110, 1, '13-Jun-2022', 104, 'PRESENCIAL', 401, 123);
insert into SESION (CLIENTE_ID, NO_SESION, FECHA_INICIO, DURACION, MODALIDAD, INSTRUCTOR, SALA_ID) values (111, 1, '14-Feb-2022', 185, 'PRESENCIAL', 442, 159);
insert into SESION (CLIENTE_ID, NO_SESION, FECHA_INICIO, DURACION, MODALIDAD, INSTRUCTOR, SALA_ID) values (112, 1, '28-Mar-2022', 140, 'EN LINEA', 282, 163);
insert into SESION (CLIENTE_ID, NO_SESION, FECHA_INICIO, DURACION, MODALIDAD, INSTRUCTOR, SALA_ID) values (113, 1, '03-Aug-2022', 180, 'EN LINEA', 367, 141);
insert into SESION (CLIENTE_ID, NO_SESION, FECHA_INICIO, DURACION, MODALIDAD, INSTRUCTOR, SALA_ID) values (114, 1, '16-Apr-2022', 78, 'PRESENCIAL', 308, 123);
insert into SESION (CLIENTE_ID, NO_SESION, FECHA_INICIO, DURACION, MODALIDAD, INSTRUCTOR, SALA_ID) values (115, 1, '26-Apr-2022', 218, 'EN LINEA', 460, 26);
insert into SESION (CLIENTE_ID, NO_SESION, FECHA_INICIO, DURACION, MODALIDAD, INSTRUCTOR, SALA_ID) values (116, 1, '25-Oct-2022', 153, 'PRESENCIAL', 304, 50);
insert into SESION (CLIENTE_ID, NO_SESION, FECHA_INICIO, DURACION, MODALIDAD, INSTRUCTOR, SALA_ID) values (117, 1, '15-Apr-2022', 89, 'EN LINEA', 296, 176);
insert into SESION (CLIENTE_ID, NO_SESION, FECHA_INICIO, DURACION, MODALIDAD, INSTRUCTOR, SALA_ID) values (118, 1, '13-Sep-2022', 118, 'PRESENCIAL', 289, 96);
insert into SESION (CLIENTE_ID, NO_SESION, FECHA_INICIO, DURACION, MODALIDAD, INSTRUCTOR, SALA_ID) values (119, 1, '09-Dec-2022', 17, 'PRESENCIAL', 498, 86);
insert into SESION (CLIENTE_ID, NO_SESION, FECHA_INICIO, DURACION, MODALIDAD, INSTRUCTOR, SALA_ID) values (120, 1, '13-Jun-2022', 65, 'PRESENCIAL', 494, 200);
insert into SESION (CLIENTE_ID, NO_SESION, FECHA_INICIO, DURACION, MODALIDAD, INSTRUCTOR, SALA_ID) values (121, 1, '26-Apr-2022', 132, 'EN LINEA', 454, 119);
insert into SESION (CLIENTE_ID, NO_SESION, FECHA_INICIO, DURACION, MODALIDAD, INSTRUCTOR, SALA_ID) values (122, 1, '23-Oct-2022', 218, 'EN LINEA', 252, 118);
insert into SESION (CLIENTE_ID, NO_SESION, FECHA_INICIO, DURACION, MODALIDAD, INSTRUCTOR, SALA_ID) values (123, 1, '26-May-2022', 55, 'EN LINEA', 359, 6);
insert into SESION (CLIENTE_ID, NO_SESION, FECHA_INICIO, DURACION, MODALIDAD, INSTRUCTOR, SALA_ID) values (124, 1, '27-Nov-2022', 129, 'PRESENCIAL', 458, 94);
insert into SESION (CLIENTE_ID, NO_SESION, FECHA_INICIO, DURACION, MODALIDAD, INSTRUCTOR, SALA_ID) values (125, 1, '22-Jul-2022', 114, 'PRESENCIAL', 307, 109);
insert into SESION (CLIENTE_ID, NO_SESION, FECHA_INICIO, DURACION, MODALIDAD, INSTRUCTOR, SALA_ID) values (126, 1, '24-Mar-2022', 8, 'EN LINEA', 490, 95);
insert into SESION (CLIENTE_ID, NO_SESION, FECHA_INICIO, DURACION, MODALIDAD, INSTRUCTOR, SALA_ID) values (127, 1, '05-May-2022', 123, 'EN LINEA', 490, 24);
insert into SESION (CLIENTE_ID, NO_SESION, FECHA_INICIO, DURACION, MODALIDAD, INSTRUCTOR, SALA_ID) values (128, 1, '10-Sep-2022', 98, 'PRESENCIAL', 294, 187);
insert into SESION (CLIENTE_ID, NO_SESION, FECHA_INICIO, DURACION, MODALIDAD, INSTRUCTOR, SALA_ID) values (129, 1, '03-Jul-2022', 195, 'EN LINEA', 326, 81);
insert into SESION (CLIENTE_ID, NO_SESION, FECHA_INICIO, DURACION, MODALIDAD, INSTRUCTOR, SALA_ID) values (130, 1, '09-Mar-2022', 117, 'EN LINEA', 302, 20);
insert into SESION (CLIENTE_ID, NO_SESION, FECHA_INICIO, DURACION, MODALIDAD, INSTRUCTOR, SALA_ID) values (131, 1, '19-Jan-2023', 211, 'EN LINEA', 211, 12);
insert into SESION (CLIENTE_ID, NO_SESION, FECHA_INICIO, DURACION, MODALIDAD, INSTRUCTOR, SALA_ID) values (132, 1, '05-Jun-2022', 41, 'PRESENCIAL', 464, 33);
insert into SESION (CLIENTE_ID, NO_SESION, FECHA_INICIO, DURACION, MODALIDAD, INSTRUCTOR, SALA_ID) values (133, 1, '31-Oct-2022', 157, 'PRESENCIAL', 271, 181);
insert into SESION (CLIENTE_ID, NO_SESION, FECHA_INICIO, DURACION, MODALIDAD, INSTRUCTOR, SALA_ID) values (134, 1, '02-Sep-2022', 85, 'EN LINEA', 226, 118);
insert into SESION (CLIENTE_ID, NO_SESION, FECHA_INICIO, DURACION, MODALIDAD, INSTRUCTOR, SALA_ID) values (135, 1, '11-Dec-2022', 65, 'EN LINEA', 421, 99);
insert into SESION (CLIENTE_ID, NO_SESION, FECHA_INICIO, DURACION, MODALIDAD, INSTRUCTOR, SALA_ID) values (136, 1, '31-Jan-2022', 148, 'PRESENCIAL', 472, 169);
insert into SESION (CLIENTE_ID, NO_SESION, FECHA_INICIO, DURACION, MODALIDAD, INSTRUCTOR, SALA_ID) values (137, 1, '18-Jun-2022', 42, 'PRESENCIAL', 286, 74);
insert into SESION (CLIENTE_ID, NO_SESION, FECHA_INICIO, DURACION, MODALIDAD, INSTRUCTOR, SALA_ID) values (138, 1, '23-Jul-2022', 187, 'EN LINEA', 371, 101);
insert into SESION (CLIENTE_ID, NO_SESION, FECHA_INICIO, DURACION, MODALIDAD, INSTRUCTOR, SALA_ID) values (139, 1, '15-May-2022', 20, 'EN LINEA', 277, 117);
insert into SESION (CLIENTE_ID, NO_SESION, FECHA_INICIO, DURACION, MODALIDAD, INSTRUCTOR, SALA_ID) values (140, 1, '17-Jan-2023', 69, 'PRESENCIAL', 235, 153);
insert into SESION (CLIENTE_ID, NO_SESION, FECHA_INICIO, DURACION, MODALIDAD, INSTRUCTOR, SALA_ID) values (141, 1, '26-Sep-2022', 218, 'PRESENCIAL', 496, 117);
insert into SESION (CLIENTE_ID, NO_SESION, FECHA_INICIO, DURACION, MODALIDAD, INSTRUCTOR, SALA_ID) values (142, 1, '10-Dec-2022', 110, 'PRESENCIAL', 377, 189);
insert into SESION (CLIENTE_ID, NO_SESION, FECHA_INICIO, DURACION, MODALIDAD, INSTRUCTOR, SALA_ID) values (143, 1, '30-Jun-2022', 21, 'PRESENCIAL', 359, 32);
insert into SESION (CLIENTE_ID, NO_SESION, FECHA_INICIO, DURACION, MODALIDAD, INSTRUCTOR, SALA_ID) values (144, 1, '17-Aug-2022', 4, 'PRESENCIAL', 342, 152);
insert into SESION (CLIENTE_ID, NO_SESION, FECHA_INICIO, DURACION, MODALIDAD, INSTRUCTOR, SALA_ID) values (145, 1, '21-Mar-2022', 106, 'PRESENCIAL', 267, 52);
insert into SESION (CLIENTE_ID, NO_SESION, FECHA_INICIO, DURACION, MODALIDAD, INSTRUCTOR, SALA_ID) values (146, 1, '24-Oct-2022', 89, 'EN LINEA', 423, 189);
insert into SESION (CLIENTE_ID, NO_SESION, FECHA_INICIO, DURACION, MODALIDAD, INSTRUCTOR, SALA_ID) values (147, 1, '27-Jan-2022', 33, 'EN LINEA', 223, 41);
insert into SESION (CLIENTE_ID, NO_SESION, FECHA_INICIO, DURACION, MODALIDAD, INSTRUCTOR, SALA_ID) values (148, 1, '06-Aug-2022', 44, 'PRESENCIAL', 292, 11);
insert into SESION (CLIENTE_ID, NO_SESION, FECHA_INICIO, DURACION, MODALIDAD, INSTRUCTOR, SALA_ID) values (149, 1, '16-Apr-2022', 101, 'EN LINEA', 432, 17);
insert into SESION (CLIENTE_ID, NO_SESION, FECHA_INICIO, DURACION, MODALIDAD, INSTRUCTOR, SALA_ID) values (150, 1, '28-Feb-2022', 77, 'EN LINEA', 372, 47);

-- TABLA SESION_SENSOR
insert into SESION_SENSOR (SESION_SENSOR_ID, CLIENTE_ID, NO_SESION, APARATO_ID) values (1, 1, 1, 288);
insert into SESION_SENSOR (SESION_SENSOR_ID, CLIENTE_ID, NO_SESION, APARATO_ID) values (2, 2, 1, 399);
insert into SESION_SENSOR (SESION_SENSOR_ID, CLIENTE_ID, NO_SESION, APARATO_ID) values (3, 3, 1, 464);
insert into SESION_SENSOR (SESION_SENSOR_ID, CLIENTE_ID, NO_SESION, APARATO_ID) values (4, 4, 1, 484);
insert into SESION_SENSOR (SESION_SENSOR_ID, CLIENTE_ID, NO_SESION, APARATO_ID) values (5, 5, 1, 193);
insert into SESION_SENSOR (SESION_SENSOR_ID, CLIENTE_ID, NO_SESION, APARATO_ID) values (6, 6, 1, 13);
insert into SESION_SENSOR (SESION_SENSOR_ID, CLIENTE_ID, NO_SESION, APARATO_ID) values (7, 7, 1, 69);
insert into SESION_SENSOR (SESION_SENSOR_ID, CLIENTE_ID, NO_SESION, APARATO_ID) values (8, 8, 1, 39);
insert into SESION_SENSOR (SESION_SENSOR_ID, CLIENTE_ID, NO_SESION, APARATO_ID) values (9, 9, 1, 276);
insert into SESION_SENSOR (SESION_SENSOR_ID, CLIENTE_ID, NO_SESION, APARATO_ID) values (10, 10, 1, 306);
insert into SESION_SENSOR (SESION_SENSOR_ID, CLIENTE_ID, NO_SESION, APARATO_ID) values (11, 11, 1, 73);
insert into SESION_SENSOR (SESION_SENSOR_ID, CLIENTE_ID, NO_SESION, APARATO_ID) values (12, 12, 1, 259);
insert into SESION_SENSOR (SESION_SENSOR_ID, CLIENTE_ID, NO_SESION, APARATO_ID) values (13, 13, 1, 279);
insert into SESION_SENSOR (SESION_SENSOR_ID, CLIENTE_ID, NO_SESION, APARATO_ID) values (14, 14, 1, 24);
insert into SESION_SENSOR (SESION_SENSOR_ID, CLIENTE_ID, NO_SESION, APARATO_ID) values (15, 15, 1, 95);
insert into SESION_SENSOR (SESION_SENSOR_ID, CLIENTE_ID, NO_SESION, APARATO_ID) values (16, 16, 1, 391);
insert into SESION_SENSOR (SESION_SENSOR_ID, CLIENTE_ID, NO_SESION, APARATO_ID) values (17, 17, 1, 104);
insert into SESION_SENSOR (SESION_SENSOR_ID, CLIENTE_ID, NO_SESION, APARATO_ID) values (18, 18, 1, 27);
insert into SESION_SENSOR (SESION_SENSOR_ID, CLIENTE_ID, NO_SESION, APARATO_ID) values (19, 19, 1, 457);
insert into SESION_SENSOR (SESION_SENSOR_ID, CLIENTE_ID, NO_SESION, APARATO_ID) values (20, 20, 1, 246);
insert into SESION_SENSOR (SESION_SENSOR_ID, CLIENTE_ID, NO_SESION, APARATO_ID) values (21, 21, 1, 433);
insert into SESION_SENSOR (SESION_SENSOR_ID, CLIENTE_ID, NO_SESION, APARATO_ID) values (22, 22, 1, 330);
insert into SESION_SENSOR (SESION_SENSOR_ID, CLIENTE_ID, NO_SESION, APARATO_ID) values (23, 23, 1, 353);
insert into SESION_SENSOR (SESION_SENSOR_ID, CLIENTE_ID, NO_SESION, APARATO_ID) values (24, 24, 1, 260);
insert into SESION_SENSOR (SESION_SENSOR_ID, CLIENTE_ID, NO_SESION, APARATO_ID) values (25, 25, 1, 483);
insert into SESION_SENSOR (SESION_SENSOR_ID, CLIENTE_ID, NO_SESION, APARATO_ID) values (26, 26, 1, 377);
insert into SESION_SENSOR (SESION_SENSOR_ID, CLIENTE_ID, NO_SESION, APARATO_ID) values (27, 27, 1, 109);
insert into SESION_SENSOR (SESION_SENSOR_ID, CLIENTE_ID, NO_SESION, APARATO_ID) values (28, 28, 1, 43);
insert into SESION_SENSOR (SESION_SENSOR_ID, CLIENTE_ID, NO_SESION, APARATO_ID) values (29, 29, 1, 500);
insert into SESION_SENSOR (SESION_SENSOR_ID, CLIENTE_ID, NO_SESION, APARATO_ID) values (30, 30, 1, 442);
insert into SESION_SENSOR (SESION_SENSOR_ID, CLIENTE_ID, NO_SESION, APARATO_ID) values (31, 31, 1, 264);
insert into SESION_SENSOR (SESION_SENSOR_ID, CLIENTE_ID, NO_SESION, APARATO_ID) values (32, 32, 1, 387);
insert into SESION_SENSOR (SESION_SENSOR_ID, CLIENTE_ID, NO_SESION, APARATO_ID) values (33, 33, 1, 296);
insert into SESION_SENSOR (SESION_SENSOR_ID, CLIENTE_ID, NO_SESION, APARATO_ID) values (34, 34, 1, 436);
insert into SESION_SENSOR (SESION_SENSOR_ID, CLIENTE_ID, NO_SESION, APARATO_ID) values (35, 35, 1, 272);
insert into SESION_SENSOR (SESION_SENSOR_ID, CLIENTE_ID, NO_SESION, APARATO_ID) values (36, 36, 1, 68);
insert into SESION_SENSOR (SESION_SENSOR_ID, CLIENTE_ID, NO_SESION, APARATO_ID) values (37, 37, 1, 324);
insert into SESION_SENSOR (SESION_SENSOR_ID, CLIENTE_ID, NO_SESION, APARATO_ID) values (38, 38, 1, 445);
insert into SESION_SENSOR (SESION_SENSOR_ID, CLIENTE_ID, NO_SESION, APARATO_ID) values (39, 39, 1, 156);
insert into SESION_SENSOR (SESION_SENSOR_ID, CLIENTE_ID, NO_SESION, APARATO_ID) values (40, 40, 1, 300);
insert into SESION_SENSOR (SESION_SENSOR_ID, CLIENTE_ID, NO_SESION, APARATO_ID) values (41, 41, 1, 135);
insert into SESION_SENSOR (SESION_SENSOR_ID, CLIENTE_ID, NO_SESION, APARATO_ID) values (42, 42, 1, 197);
insert into SESION_SENSOR (SESION_SENSOR_ID, CLIENTE_ID, NO_SESION, APARATO_ID) values (43, 43, 1, 243);
insert into SESION_SENSOR (SESION_SENSOR_ID, CLIENTE_ID, NO_SESION, APARATO_ID) values (44, 44, 1, 295);
insert into SESION_SENSOR (SESION_SENSOR_ID, CLIENTE_ID, NO_SESION, APARATO_ID) values (45, 45, 1, 487);
insert into SESION_SENSOR (SESION_SENSOR_ID, CLIENTE_ID, NO_SESION, APARATO_ID) values (46, 46, 1, 340);
insert into SESION_SENSOR (SESION_SENSOR_ID, CLIENTE_ID, NO_SESION, APARATO_ID) values (47, 47, 1, 274);
insert into SESION_SENSOR (SESION_SENSOR_ID, CLIENTE_ID, NO_SESION, APARATO_ID) values (48, 48, 1, 380);
insert into SESION_SENSOR (SESION_SENSOR_ID, CLIENTE_ID, NO_SESION, APARATO_ID) values (49, 49, 1, 343);
insert into SESION_SENSOR (SESION_SENSOR_ID, CLIENTE_ID, NO_SESION, APARATO_ID) values (50, 50, 1, 149);
insert into SESION_SENSOR (SESION_SENSOR_ID, CLIENTE_ID, NO_SESION, APARATO_ID) values (51, 51, 1, 367);
insert into SESION_SENSOR (SESION_SENSOR_ID, CLIENTE_ID, NO_SESION, APARATO_ID) values (52, 52, 1, 348);
insert into SESION_SENSOR (SESION_SENSOR_ID, CLIENTE_ID, NO_SESION, APARATO_ID) values (53, 53, 1, 207);
insert into SESION_SENSOR (SESION_SENSOR_ID, CLIENTE_ID, NO_SESION, APARATO_ID) values (54, 54, 1, 294);
insert into SESION_SENSOR (SESION_SENSOR_ID, CLIENTE_ID, NO_SESION, APARATO_ID) values (55, 55, 1, 436);
insert into SESION_SENSOR (SESION_SENSOR_ID, CLIENTE_ID, NO_SESION, APARATO_ID) values (56, 56, 1, 266);
insert into SESION_SENSOR (SESION_SENSOR_ID, CLIENTE_ID, NO_SESION, APARATO_ID) values (57, 57, 1, 182);
insert into SESION_SENSOR (SESION_SENSOR_ID, CLIENTE_ID, NO_SESION, APARATO_ID) values (58, 58, 1, 447);
insert into SESION_SENSOR (SESION_SENSOR_ID, CLIENTE_ID, NO_SESION, APARATO_ID) values (59, 59, 1, 248);
insert into SESION_SENSOR (SESION_SENSOR_ID, CLIENTE_ID, NO_SESION, APARATO_ID) values (60, 60, 1, 397);
insert into SESION_SENSOR (SESION_SENSOR_ID, CLIENTE_ID, NO_SESION, APARATO_ID) values (61, 61, 1, 277);
insert into SESION_SENSOR (SESION_SENSOR_ID, CLIENTE_ID, NO_SESION, APARATO_ID) values (62, 62, 1, 468);
insert into SESION_SENSOR (SESION_SENSOR_ID, CLIENTE_ID, NO_SESION, APARATO_ID) values (63, 63, 1, 319);
insert into SESION_SENSOR (SESION_SENSOR_ID, CLIENTE_ID, NO_SESION, APARATO_ID) values (64, 64, 1, 225);
insert into SESION_SENSOR (SESION_SENSOR_ID, CLIENTE_ID, NO_SESION, APARATO_ID) values (65, 65, 1, 177);
insert into SESION_SENSOR (SESION_SENSOR_ID, CLIENTE_ID, NO_SESION, APARATO_ID) values (66, 66, 1, 241);
insert into SESION_SENSOR (SESION_SENSOR_ID, CLIENTE_ID, NO_SESION, APARATO_ID) values (67, 67, 1, 389);
insert into SESION_SENSOR (SESION_SENSOR_ID, CLIENTE_ID, NO_SESION, APARATO_ID) values (68, 68, 1, 99);
insert into SESION_SENSOR (SESION_SENSOR_ID, CLIENTE_ID, NO_SESION, APARATO_ID) values (69, 69, 1, 298);
insert into SESION_SENSOR (SESION_SENSOR_ID, CLIENTE_ID, NO_SESION, APARATO_ID) values (70, 70, 1, 33);
insert into SESION_SENSOR (SESION_SENSOR_ID, CLIENTE_ID, NO_SESION, APARATO_ID) values (71, 71, 1, 39);
insert into SESION_SENSOR (SESION_SENSOR_ID, CLIENTE_ID, NO_SESION, APARATO_ID) values (72, 72, 1, 35);
insert into SESION_SENSOR (SESION_SENSOR_ID, CLIENTE_ID, NO_SESION, APARATO_ID) values (73, 73, 1, 473);
insert into SESION_SENSOR (SESION_SENSOR_ID, CLIENTE_ID, NO_SESION, APARATO_ID) values (74, 74, 1, 437);
insert into SESION_SENSOR (SESION_SENSOR_ID, CLIENTE_ID, NO_SESION, APARATO_ID) values (75, 75, 1, 115);
insert into SESION_SENSOR (SESION_SENSOR_ID, CLIENTE_ID, NO_SESION, APARATO_ID) values (76, 76, 1, 240);
insert into SESION_SENSOR (SESION_SENSOR_ID, CLIENTE_ID, NO_SESION, APARATO_ID) values (77, 77, 1, 165);
insert into SESION_SENSOR (SESION_SENSOR_ID, CLIENTE_ID, NO_SESION, APARATO_ID) values (78, 78, 1, 185);
insert into SESION_SENSOR (SESION_SENSOR_ID, CLIENTE_ID, NO_SESION, APARATO_ID) values (79, 79, 1, 373);
insert into SESION_SENSOR (SESION_SENSOR_ID, CLIENTE_ID, NO_SESION, APARATO_ID) values (80, 80, 1, 483);
insert into SESION_SENSOR (SESION_SENSOR_ID, CLIENTE_ID, NO_SESION, APARATO_ID) values (81, 81, 1, 27);
insert into SESION_SENSOR (SESION_SENSOR_ID, CLIENTE_ID, NO_SESION, APARATO_ID) values (82, 82, 1, 420);
insert into SESION_SENSOR (SESION_SENSOR_ID, CLIENTE_ID, NO_SESION, APARATO_ID) values (83, 83, 1, 111);
insert into SESION_SENSOR (SESION_SENSOR_ID, CLIENTE_ID, NO_SESION, APARATO_ID) values (84, 84, 1, 136);
insert into SESION_SENSOR (SESION_SENSOR_ID, CLIENTE_ID, NO_SESION, APARATO_ID) values (85, 85, 1, 87);
insert into SESION_SENSOR (SESION_SENSOR_ID, CLIENTE_ID, NO_SESION, APARATO_ID) values (86, 86, 1, 497);
insert into SESION_SENSOR (SESION_SENSOR_ID, CLIENTE_ID, NO_SESION, APARATO_ID) values (87, 87, 1, 323);
insert into SESION_SENSOR (SESION_SENSOR_ID, CLIENTE_ID, NO_SESION, APARATO_ID) values (88, 88, 1, 9);
insert into SESION_SENSOR (SESION_SENSOR_ID, CLIENTE_ID, NO_SESION, APARATO_ID) values (89, 89, 1, 272);
insert into SESION_SENSOR (SESION_SENSOR_ID, CLIENTE_ID, NO_SESION, APARATO_ID) values (90, 90, 1, 263);
insert into SESION_SENSOR (SESION_SENSOR_ID, CLIENTE_ID, NO_SESION, APARATO_ID) values (91, 91, 1, 167);
insert into SESION_SENSOR (SESION_SENSOR_ID, CLIENTE_ID, NO_SESION, APARATO_ID) values (92, 92, 1, 34);
insert into SESION_SENSOR (SESION_SENSOR_ID, CLIENTE_ID, NO_SESION, APARATO_ID) values (93, 93, 1, 162);
insert into SESION_SENSOR (SESION_SENSOR_ID, CLIENTE_ID, NO_SESION, APARATO_ID) values (94, 94, 1, 195);
insert into SESION_SENSOR (SESION_SENSOR_ID, CLIENTE_ID, NO_SESION, APARATO_ID) values (95, 95, 1, 32);
insert into SESION_SENSOR (SESION_SENSOR_ID, CLIENTE_ID, NO_SESION, APARATO_ID) values (96, 96, 1, 246);
insert into SESION_SENSOR (SESION_SENSOR_ID, CLIENTE_ID, NO_SESION, APARATO_ID) values (97, 97, 1, 391);
insert into SESION_SENSOR (SESION_SENSOR_ID, CLIENTE_ID, NO_SESION, APARATO_ID) values (98, 98, 1, 367);
insert into SESION_SENSOR (SESION_SENSOR_ID, CLIENTE_ID, NO_SESION, APARATO_ID) values (99, 99, 1, 410);
insert into SESION_SENSOR (SESION_SENSOR_ID, CLIENTE_ID, NO_SESION, APARATO_ID) values (100, 100, 1, 258);
insert into SESION_SENSOR (SESION_SENSOR_ID, CLIENTE_ID, NO_SESION, APARATO_ID) values (101, 101, 1, 122);
insert into SESION_SENSOR (SESION_SENSOR_ID, CLIENTE_ID, NO_SESION, APARATO_ID) values (102, 102, 1, 452);
insert into SESION_SENSOR (SESION_SENSOR_ID, CLIENTE_ID, NO_SESION, APARATO_ID) values (103, 103, 1, 298);
insert into SESION_SENSOR (SESION_SENSOR_ID, CLIENTE_ID, NO_SESION, APARATO_ID) values (104, 104, 1, 358);
insert into SESION_SENSOR (SESION_SENSOR_ID, CLIENTE_ID, NO_SESION, APARATO_ID) values (105, 105, 1, 228);
insert into SESION_SENSOR (SESION_SENSOR_ID, CLIENTE_ID, NO_SESION, APARATO_ID) values (106, 106, 1, 221);
insert into SESION_SENSOR (SESION_SENSOR_ID, CLIENTE_ID, NO_SESION, APARATO_ID) values (107, 107, 1, 38);
insert into SESION_SENSOR (SESION_SENSOR_ID, CLIENTE_ID, NO_SESION, APARATO_ID) values (108, 108, 1, 157);
insert into SESION_SENSOR (SESION_SENSOR_ID, CLIENTE_ID, NO_SESION, APARATO_ID) values (109, 109, 1, 288);
insert into SESION_SENSOR (SESION_SENSOR_ID, CLIENTE_ID, NO_SESION, APARATO_ID) values (110, 110, 1, 276);
insert into SESION_SENSOR (SESION_SENSOR_ID, CLIENTE_ID, NO_SESION, APARATO_ID) values (111, 111, 1, 339);
insert into SESION_SENSOR (SESION_SENSOR_ID, CLIENTE_ID, NO_SESION, APARATO_ID) values (112, 112, 1, 129);
insert into SESION_SENSOR (SESION_SENSOR_ID, CLIENTE_ID, NO_SESION, APARATO_ID) values (113, 113, 1, 429);
insert into SESION_SENSOR (SESION_SENSOR_ID, CLIENTE_ID, NO_SESION, APARATO_ID) values (114, 114, 1, 44);
insert into SESION_SENSOR (SESION_SENSOR_ID, CLIENTE_ID, NO_SESION, APARATO_ID) values (115, 115, 1, 232);
insert into SESION_SENSOR (SESION_SENSOR_ID, CLIENTE_ID, NO_SESION, APARATO_ID) values (116, 116, 1, 228);
insert into SESION_SENSOR (SESION_SENSOR_ID, CLIENTE_ID, NO_SESION, APARATO_ID) values (117, 117, 1, 27);
insert into SESION_SENSOR (SESION_SENSOR_ID, CLIENTE_ID, NO_SESION, APARATO_ID) values (118, 118, 1, 173);
insert into SESION_SENSOR (SESION_SENSOR_ID, CLIENTE_ID, NO_SESION, APARATO_ID) values (119, 119, 1, 451);
insert into SESION_SENSOR (SESION_SENSOR_ID, CLIENTE_ID, NO_SESION, APARATO_ID) values (120, 120, 1, 470);
insert into SESION_SENSOR (SESION_SENSOR_ID, CLIENTE_ID, NO_SESION, APARATO_ID) values (121, 121, 1, 100);
insert into SESION_SENSOR (SESION_SENSOR_ID, CLIENTE_ID, NO_SESION, APARATO_ID) values (122, 122, 1, 471);
insert into SESION_SENSOR (SESION_SENSOR_ID, CLIENTE_ID, NO_SESION, APARATO_ID) values (123, 123, 1, 318);
insert into SESION_SENSOR (SESION_SENSOR_ID, CLIENTE_ID, NO_SESION, APARATO_ID) values (124, 124, 1, 48);
insert into SESION_SENSOR (SESION_SENSOR_ID, CLIENTE_ID, NO_SESION, APARATO_ID) values (125, 125, 1, 135);
insert into SESION_SENSOR (SESION_SENSOR_ID, CLIENTE_ID, NO_SESION, APARATO_ID) values (126, 126, 1, 232);
insert into SESION_SENSOR (SESION_SENSOR_ID, CLIENTE_ID, NO_SESION, APARATO_ID) values (127, 127, 1, 99);
insert into SESION_SENSOR (SESION_SENSOR_ID, CLIENTE_ID, NO_SESION, APARATO_ID) values (128, 128, 1, 353);
insert into SESION_SENSOR (SESION_SENSOR_ID, CLIENTE_ID, NO_SESION, APARATO_ID) values (129, 129, 1, 439);
insert into SESION_SENSOR (SESION_SENSOR_ID, CLIENTE_ID, NO_SESION, APARATO_ID) values (130, 130, 1, 186);
insert into SESION_SENSOR (SESION_SENSOR_ID, CLIENTE_ID, NO_SESION, APARATO_ID) values (131, 131, 1, 133);
insert into SESION_SENSOR (SESION_SENSOR_ID, CLIENTE_ID, NO_SESION, APARATO_ID) values (132, 132, 1, 142);
insert into SESION_SENSOR (SESION_SENSOR_ID, CLIENTE_ID, NO_SESION, APARATO_ID) values (133, 133, 1, 277);
insert into SESION_SENSOR (SESION_SENSOR_ID, CLIENTE_ID, NO_SESION, APARATO_ID) values (134, 134, 1, 2);
insert into SESION_SENSOR (SESION_SENSOR_ID, CLIENTE_ID, NO_SESION, APARATO_ID) values (135, 135, 1, 149);
insert into SESION_SENSOR (SESION_SENSOR_ID, CLIENTE_ID, NO_SESION, APARATO_ID) values (136, 136, 1, 372);
insert into SESION_SENSOR (SESION_SENSOR_ID, CLIENTE_ID, NO_SESION, APARATO_ID) values (137, 137, 1, 463);
insert into SESION_SENSOR (SESION_SENSOR_ID, CLIENTE_ID, NO_SESION, APARATO_ID) values (138, 138, 1, 81);
insert into SESION_SENSOR (SESION_SENSOR_ID, CLIENTE_ID, NO_SESION, APARATO_ID) values (139, 139, 1, 361);
insert into SESION_SENSOR (SESION_SENSOR_ID, CLIENTE_ID, NO_SESION, APARATO_ID) values (140, 140, 1, 321);
insert into SESION_SENSOR (SESION_SENSOR_ID, CLIENTE_ID, NO_SESION, APARATO_ID) values (141, 141, 1, 315);
insert into SESION_SENSOR (SESION_SENSOR_ID, CLIENTE_ID, NO_SESION, APARATO_ID) values (142, 142, 1, 351);
insert into SESION_SENSOR (SESION_SENSOR_ID, CLIENTE_ID, NO_SESION, APARATO_ID) values (143, 143, 1, 498);
insert into SESION_SENSOR (SESION_SENSOR_ID, CLIENTE_ID, NO_SESION, APARATO_ID) values (144, 144, 1, 163);
insert into SESION_SENSOR (SESION_SENSOR_ID, CLIENTE_ID, NO_SESION, APARATO_ID) values (145, 145, 1, 79);
insert into SESION_SENSOR (SESION_SENSOR_ID, CLIENTE_ID, NO_SESION, APARATO_ID) values (146, 146, 1, 256);
insert into SESION_SENSOR (SESION_SENSOR_ID, CLIENTE_ID, NO_SESION, APARATO_ID) values (147, 147, 1, 343);
insert into SESION_SENSOR (SESION_SENSOR_ID, CLIENTE_ID, NO_SESION, APARATO_ID) values (148, 148, 1, 224);
insert into SESION_SENSOR (SESION_SENSOR_ID, CLIENTE_ID, NO_SESION, APARATO_ID) values (149, 149, 1, 264);
insert into SESION_SENSOR (SESION_SENSOR_ID, CLIENTE_ID, NO_SESION, APARATO_ID) values (150, 150, 1, 413);

-- CALORIAS_SESION

insert into CALORIAS_SESION (CALORIAS_SESION_ID, CALORIAS, FECHA_MEDICION, CLIENTE_ID, NO_SESION) values (1, 18, '18-Apr-2022', 1, 1);
insert into CALORIAS_SESION (CALORIAS_SESION_ID, CALORIAS, FECHA_MEDICION, CLIENTE_ID, NO_SESION) values (2, 105, '14-Jan-2023', 2, 1);
insert into CALORIAS_SESION (CALORIAS_SESION_ID, CALORIAS, FECHA_MEDICION, CLIENTE_ID, NO_SESION) values (3, 858, '15-Jul-2022', 3, 1);
insert into CALORIAS_SESION (CALORIAS_SESION_ID, CALORIAS, FECHA_MEDICION, CLIENTE_ID, NO_SESION) values (4, 137, '26-May-2022', 4, 1);
insert into CALORIAS_SESION (CALORIAS_SESION_ID, CALORIAS, FECHA_MEDICION, CLIENTE_ID, NO_SESION) values (5, 411, '10-Jan-2023', 5, 1);
insert into CALORIAS_SESION (CALORIAS_SESION_ID, CALORIAS, FECHA_MEDICION, CLIENTE_ID, NO_SESION) values (6, 652, '25-Mar-2022', 6, 1);
insert into CALORIAS_SESION (CALORIAS_SESION_ID, CALORIAS, FECHA_MEDICION, CLIENTE_ID, NO_SESION) values (7, 102, '29-Jan-2022', 7, 1);
insert into CALORIAS_SESION (CALORIAS_SESION_ID, CALORIAS, FECHA_MEDICION, CLIENTE_ID, NO_SESION) values (8, 223, '22-Dec-2022', 8, 1);
insert into CALORIAS_SESION (CALORIAS_SESION_ID, CALORIAS, FECHA_MEDICION, CLIENTE_ID, NO_SESION) values (9, 990, '31-Oct-2022', 9, 1);
insert into CALORIAS_SESION (CALORIAS_SESION_ID, CALORIAS, FECHA_MEDICION, CLIENTE_ID, NO_SESION) values (10, 903, '02-Jul-2022', 10, 1);
insert into CALORIAS_SESION (CALORIAS_SESION_ID, CALORIAS, FECHA_MEDICION, CLIENTE_ID, NO_SESION) values (11, 31, '13-Mar-2022', 11, 1);
insert into CALORIAS_SESION (CALORIAS_SESION_ID, CALORIAS, FECHA_MEDICION, CLIENTE_ID, NO_SESION) values (12, 576, '12-Dec-2022', 12, 1);
insert into CALORIAS_SESION (CALORIAS_SESION_ID, CALORIAS, FECHA_MEDICION, CLIENTE_ID, NO_SESION) values (13, 636, '28-Nov-2022', 13, 1);
insert into CALORIAS_SESION (CALORIAS_SESION_ID, CALORIAS, FECHA_MEDICION, CLIENTE_ID, NO_SESION) values (14, 718, '16-Nov-2022', 14, 1);
insert into CALORIAS_SESION (CALORIAS_SESION_ID, CALORIAS, FECHA_MEDICION, CLIENTE_ID, NO_SESION) values (15, 814, '11-Aug-2022', 15, 1);
insert into CALORIAS_SESION (CALORIAS_SESION_ID, CALORIAS, FECHA_MEDICION, CLIENTE_ID, NO_SESION) values (16, 13, '24-Aug-2022', 16, 1);
insert into CALORIAS_SESION (CALORIAS_SESION_ID, CALORIAS, FECHA_MEDICION, CLIENTE_ID, NO_SESION) values (17, 436, '20-Dec-2022', 17, 1);
insert into CALORIAS_SESION (CALORIAS_SESION_ID, CALORIAS, FECHA_MEDICION, CLIENTE_ID, NO_SESION) values (18, 155, '05-Jul-2022', 18, 1);
insert into CALORIAS_SESION (CALORIAS_SESION_ID, CALORIAS, FECHA_MEDICION, CLIENTE_ID, NO_SESION) values (19, 478, '23-Dec-2022', 19, 1);
insert into CALORIAS_SESION (CALORIAS_SESION_ID, CALORIAS, FECHA_MEDICION, CLIENTE_ID, NO_SESION) values (20, 379, '11-Apr-2022', 20, 1);
insert into CALORIAS_SESION (CALORIAS_SESION_ID, CALORIAS, FECHA_MEDICION, CLIENTE_ID, NO_SESION) values (21, 200, '24-Oct-2022', 21, 1);
insert into CALORIAS_SESION (CALORIAS_SESION_ID, CALORIAS, FECHA_MEDICION, CLIENTE_ID, NO_SESION) values (22, 275, '21-Dec-2022', 22, 1);
insert into CALORIAS_SESION (CALORIAS_SESION_ID, CALORIAS, FECHA_MEDICION, CLIENTE_ID, NO_SESION) values (23, 29, '05-Aug-2022', 23, 1);
insert into CALORIAS_SESION (CALORIAS_SESION_ID, CALORIAS, FECHA_MEDICION, CLIENTE_ID, NO_SESION) values (24, 761, '06-Sep-2022', 24, 1);
insert into CALORIAS_SESION (CALORIAS_SESION_ID, CALORIAS, FECHA_MEDICION, CLIENTE_ID, NO_SESION) values (25, 304, '26-Aug-2022', 25, 1);
insert into CALORIAS_SESION (CALORIAS_SESION_ID, CALORIAS, FECHA_MEDICION, CLIENTE_ID, NO_SESION) values (26, 128, '27-May-2022', 26, 1);
insert into CALORIAS_SESION (CALORIAS_SESION_ID, CALORIAS, FECHA_MEDICION, CLIENTE_ID, NO_SESION) values (27, 43, '21-Oct-2022', 27, 1);
insert into CALORIAS_SESION (CALORIAS_SESION_ID, CALORIAS, FECHA_MEDICION, CLIENTE_ID, NO_SESION) values (28, 20, '13-Apr-2022', 28, 1);
insert into CALORIAS_SESION (CALORIAS_SESION_ID, CALORIAS, FECHA_MEDICION, CLIENTE_ID, NO_SESION) values (29, 536, '29-Jan-2022', 29, 1);
insert into CALORIAS_SESION (CALORIAS_SESION_ID, CALORIAS, FECHA_MEDICION, CLIENTE_ID, NO_SESION) values (30, 331, '07-Aug-2022', 30, 1);
insert into CALORIAS_SESION (CALORIAS_SESION_ID, CALORIAS, FECHA_MEDICION, CLIENTE_ID, NO_SESION) values (31, 13, '20-Oct-2022', 31, 1);
insert into CALORIAS_SESION (CALORIAS_SESION_ID, CALORIAS, FECHA_MEDICION, CLIENTE_ID, NO_SESION) values (32, 276, '24-Apr-2022', 32, 1);
insert into CALORIAS_SESION (CALORIAS_SESION_ID, CALORIAS, FECHA_MEDICION, CLIENTE_ID, NO_SESION) values (33, 364, '18-Mar-2022', 33, 1);
insert into CALORIAS_SESION (CALORIAS_SESION_ID, CALORIAS, FECHA_MEDICION, CLIENTE_ID, NO_SESION) values (34, 635, '31-Dec-2022', 34, 1);
insert into CALORIAS_SESION (CALORIAS_SESION_ID, CALORIAS, FECHA_MEDICION, CLIENTE_ID, NO_SESION) values (35, 978, '22-Feb-2022', 35, 1);
insert into CALORIAS_SESION (CALORIAS_SESION_ID, CALORIAS, FECHA_MEDICION, CLIENTE_ID, NO_SESION) values (36, 440, '19-Nov-2022', 36, 1);
insert into CALORIAS_SESION (CALORIAS_SESION_ID, CALORIAS, FECHA_MEDICION, CLIENTE_ID, NO_SESION) values (37, 599, '08-Jun-2022', 37, 1);
insert into CALORIAS_SESION (CALORIAS_SESION_ID, CALORIAS, FECHA_MEDICION, CLIENTE_ID, NO_SESION) values (38, 206, '25-Dec-2022', 38, 1);
insert into CALORIAS_SESION (CALORIAS_SESION_ID, CALORIAS, FECHA_MEDICION, CLIENTE_ID, NO_SESION) values (39, 657, '10-Jan-2023', 39, 1);
insert into CALORIAS_SESION (CALORIAS_SESION_ID, CALORIAS, FECHA_MEDICION, CLIENTE_ID, NO_SESION) values (40, 941, '26-May-2022', 40, 1);
insert into CALORIAS_SESION (CALORIAS_SESION_ID, CALORIAS, FECHA_MEDICION, CLIENTE_ID, NO_SESION) values (41, 626, '07-Jul-2022', 41, 1);
insert into CALORIAS_SESION (CALORIAS_SESION_ID, CALORIAS, FECHA_MEDICION, CLIENTE_ID, NO_SESION) values (42, 890, '06-Mar-2022', 42, 1);
insert into CALORIAS_SESION (CALORIAS_SESION_ID, CALORIAS, FECHA_MEDICION, CLIENTE_ID, NO_SESION) values (43, 797, '03-Mar-2022', 43, 1);
insert into CALORIAS_SESION (CALORIAS_SESION_ID, CALORIAS, FECHA_MEDICION, CLIENTE_ID, NO_SESION) values (44, 526, '08-Dec-2022', 44, 1);
insert into CALORIAS_SESION (CALORIAS_SESION_ID, CALORIAS, FECHA_MEDICION, CLIENTE_ID, NO_SESION) values (45, 9, '18-Apr-2022', 45, 1);
insert into CALORIAS_SESION (CALORIAS_SESION_ID, CALORIAS, FECHA_MEDICION, CLIENTE_ID, NO_SESION) values (46, 590, '31-Mar-2022', 46, 1);
insert into CALORIAS_SESION (CALORIAS_SESION_ID, CALORIAS, FECHA_MEDICION, CLIENTE_ID, NO_SESION) values (47, 406, '26-Apr-2022', 47, 1);
insert into CALORIAS_SESION (CALORIAS_SESION_ID, CALORIAS, FECHA_MEDICION, CLIENTE_ID, NO_SESION) values (48, 649, '28-Mar-2022', 48, 1);
insert into CALORIAS_SESION (CALORIAS_SESION_ID, CALORIAS, FECHA_MEDICION, CLIENTE_ID, NO_SESION) values (49, 141, '08-Sep-2022', 49, 1);
insert into CALORIAS_SESION (CALORIAS_SESION_ID, CALORIAS, FECHA_MEDICION, CLIENTE_ID, NO_SESION) values (50, 574, '08-Jun-2022', 50, 1);
insert into CALORIAS_SESION (CALORIAS_SESION_ID, CALORIAS, FECHA_MEDICION, CLIENTE_ID, NO_SESION) values (51, 616, '03-Nov-2022', 51, 1);
insert into CALORIAS_SESION (CALORIAS_SESION_ID, CALORIAS, FECHA_MEDICION, CLIENTE_ID, NO_SESION) values (52, 44, '01-Feb-2022', 52, 1);
insert into CALORIAS_SESION (CALORIAS_SESION_ID, CALORIAS, FECHA_MEDICION, CLIENTE_ID, NO_SESION) values (53, 33, '02-Nov-2022', 53, 1);
insert into CALORIAS_SESION (CALORIAS_SESION_ID, CALORIAS, FECHA_MEDICION, CLIENTE_ID, NO_SESION) values (54, 897, '30-Aug-2022', 54, 1);
insert into CALORIAS_SESION (CALORIAS_SESION_ID, CALORIAS, FECHA_MEDICION, CLIENTE_ID, NO_SESION) values (55, 102, '26-Oct-2022', 55, 1);
insert into CALORIAS_SESION (CALORIAS_SESION_ID, CALORIAS, FECHA_MEDICION, CLIENTE_ID, NO_SESION) values (56, 376, '27-Feb-2022', 56, 1);
insert into CALORIAS_SESION (CALORIAS_SESION_ID, CALORIAS, FECHA_MEDICION, CLIENTE_ID, NO_SESION) values (57, 411, '04-Apr-2022', 57, 1);
insert into CALORIAS_SESION (CALORIAS_SESION_ID, CALORIAS, FECHA_MEDICION, CLIENTE_ID, NO_SESION) values (58, 241, '30-Jul-2022', 58, 1);
insert into CALORIAS_SESION (CALORIAS_SESION_ID, CALORIAS, FECHA_MEDICION, CLIENTE_ID, NO_SESION) values (59, 899, '25-Jun-2022', 59, 1);
insert into CALORIAS_SESION (CALORIAS_SESION_ID, CALORIAS, FECHA_MEDICION, CLIENTE_ID, NO_SESION) values (60, 375, '03-Aug-2022', 60, 1);
insert into CALORIAS_SESION (CALORIAS_SESION_ID, CALORIAS, FECHA_MEDICION, CLIENTE_ID, NO_SESION) values (61, 899, '04-May-2022', 61, 1);
insert into CALORIAS_SESION (CALORIAS_SESION_ID, CALORIAS, FECHA_MEDICION, CLIENTE_ID, NO_SESION) values (62, 336, '09-Oct-2022', 62, 1);
insert into CALORIAS_SESION (CALORIAS_SESION_ID, CALORIAS, FECHA_MEDICION, CLIENTE_ID, NO_SESION) values (63, 43, '14-Sep-2022', 63, 1);
insert into CALORIAS_SESION (CALORIAS_SESION_ID, CALORIAS, FECHA_MEDICION, CLIENTE_ID, NO_SESION) values (64, 405, '03-Apr-2022', 64, 1);
insert into CALORIAS_SESION (CALORIAS_SESION_ID, CALORIAS, FECHA_MEDICION, CLIENTE_ID, NO_SESION) values (65, 351, '24-Oct-2022', 65, 1);
insert into CALORIAS_SESION (CALORIAS_SESION_ID, CALORIAS, FECHA_MEDICION, CLIENTE_ID, NO_SESION) values (66, 829, '19-May-2022', 66, 1);
insert into CALORIAS_SESION (CALORIAS_SESION_ID, CALORIAS, FECHA_MEDICION, CLIENTE_ID, NO_SESION) values (67, 310, '16-Jan-2023', 67, 1);
insert into CALORIAS_SESION (CALORIAS_SESION_ID, CALORIAS, FECHA_MEDICION, CLIENTE_ID, NO_SESION) values (68, 577, '26-Jun-2022', 68, 1);
insert into CALORIAS_SESION (CALORIAS_SESION_ID, CALORIAS, FECHA_MEDICION, CLIENTE_ID, NO_SESION) values (69, 554, '19-Sep-2022', 69, 1);
insert into CALORIAS_SESION (CALORIAS_SESION_ID, CALORIAS, FECHA_MEDICION, CLIENTE_ID, NO_SESION) values (70, 785, '28-Jan-2022', 70, 1);
insert into CALORIAS_SESION (CALORIAS_SESION_ID, CALORIAS, FECHA_MEDICION, CLIENTE_ID, NO_SESION) values (71, 808, '06-Apr-2022', 71, 1);
insert into CALORIAS_SESION (CALORIAS_SESION_ID, CALORIAS, FECHA_MEDICION, CLIENTE_ID, NO_SESION) values (72, 752, '10-Sep-2022', 72, 1);
insert into CALORIAS_SESION (CALORIAS_SESION_ID, CALORIAS, FECHA_MEDICION, CLIENTE_ID, NO_SESION) values (73, 448, '07-Aug-2022', 73, 1);
insert into CALORIAS_SESION (CALORIAS_SESION_ID, CALORIAS, FECHA_MEDICION, CLIENTE_ID, NO_SESION) values (74, 564, '13-Apr-2022', 74, 1);
insert into CALORIAS_SESION (CALORIAS_SESION_ID, CALORIAS, FECHA_MEDICION, CLIENTE_ID, NO_SESION) values (75, 447, '14-Sep-2022', 75, 1);
insert into CALORIAS_SESION (CALORIAS_SESION_ID, CALORIAS, FECHA_MEDICION, CLIENTE_ID, NO_SESION) values (76, 631, '15-Sep-2022', 76, 1);
insert into CALORIAS_SESION (CALORIAS_SESION_ID, CALORIAS, FECHA_MEDICION, CLIENTE_ID, NO_SESION) values (77, 91, '21-Sep-2022', 77, 1);
insert into CALORIAS_SESION (CALORIAS_SESION_ID, CALORIAS, FECHA_MEDICION, CLIENTE_ID, NO_SESION) values (78, 752, '21-Mar-2022', 78, 1);
insert into CALORIAS_SESION (CALORIAS_SESION_ID, CALORIAS, FECHA_MEDICION, CLIENTE_ID, NO_SESION) values (79, 853, '28-Oct-2022', 79, 1);
insert into CALORIAS_SESION (CALORIAS_SESION_ID, CALORIAS, FECHA_MEDICION, CLIENTE_ID, NO_SESION) values (80, 971, '22-Oct-2022', 80, 1);
insert into CALORIAS_SESION (CALORIAS_SESION_ID, CALORIAS, FECHA_MEDICION, CLIENTE_ID, NO_SESION) values (81, 935, '23-Apr-2022', 81, 1);
insert into CALORIAS_SESION (CALORIAS_SESION_ID, CALORIAS, FECHA_MEDICION, CLIENTE_ID, NO_SESION) values (82, 382, '03-Nov-2022', 82, 1);
insert into CALORIAS_SESION (CALORIAS_SESION_ID, CALORIAS, FECHA_MEDICION, CLIENTE_ID, NO_SESION) values (83, 584, '14-Dec-2022', 83, 1);
insert into CALORIAS_SESION (CALORIAS_SESION_ID, CALORIAS, FECHA_MEDICION, CLIENTE_ID, NO_SESION) values (84, 435, '29-Aug-2022', 84, 1);
insert into CALORIAS_SESION (CALORIAS_SESION_ID, CALORIAS, FECHA_MEDICION, CLIENTE_ID, NO_SESION) values (85, 681, '20-Oct-2022', 85, 1);
insert into CALORIAS_SESION (CALORIAS_SESION_ID, CALORIAS, FECHA_MEDICION, CLIENTE_ID, NO_SESION) values (86, 29, '10-Sep-2022', 86, 1);
insert into CALORIAS_SESION (CALORIAS_SESION_ID, CALORIAS, FECHA_MEDICION, CLIENTE_ID, NO_SESION) values (87, 559, '22-Jan-2022', 87, 1);
insert into CALORIAS_SESION (CALORIAS_SESION_ID, CALORIAS, FECHA_MEDICION, CLIENTE_ID, NO_SESION) values (88, 286, '17-Mar-2022', 88, 1);
insert into CALORIAS_SESION (CALORIAS_SESION_ID, CALORIAS, FECHA_MEDICION, CLIENTE_ID, NO_SESION) values (89, 479, '25-Jul-2022', 89, 1);
insert into CALORIAS_SESION (CALORIAS_SESION_ID, CALORIAS, FECHA_MEDICION, CLIENTE_ID, NO_SESION) values (90, 76, '30-Jan-2022', 90, 1);
insert into CALORIAS_SESION (CALORIAS_SESION_ID, CALORIAS, FECHA_MEDICION, CLIENTE_ID, NO_SESION) values (91, 78, '10-Jul-2022', 91, 1);
insert into CALORIAS_SESION (CALORIAS_SESION_ID, CALORIAS, FECHA_MEDICION, CLIENTE_ID, NO_SESION) values (92, 906, '27-Oct-2022', 92, 1);
insert into CALORIAS_SESION (CALORIAS_SESION_ID, CALORIAS, FECHA_MEDICION, CLIENTE_ID, NO_SESION) values (93, 173, '28-Jan-2022', 93, 1);
insert into CALORIAS_SESION (CALORIAS_SESION_ID, CALORIAS, FECHA_MEDICION, CLIENTE_ID, NO_SESION) values (94, 375, '02-Feb-2022', 94, 1);
insert into CALORIAS_SESION (CALORIAS_SESION_ID, CALORIAS, FECHA_MEDICION, CLIENTE_ID, NO_SESION) values (95, 239, '11-Nov-2022', 95, 1);
insert into CALORIAS_SESION (CALORIAS_SESION_ID, CALORIAS, FECHA_MEDICION, CLIENTE_ID, NO_SESION) values (96, 999, '15-Sep-2022', 96, 1);
insert into CALORIAS_SESION (CALORIAS_SESION_ID, CALORIAS, FECHA_MEDICION, CLIENTE_ID, NO_SESION) values (97, 20, '31-May-2022', 97, 1);
insert into CALORIAS_SESION (CALORIAS_SESION_ID, CALORIAS, FECHA_MEDICION, CLIENTE_ID, NO_SESION) values (98, 938, '15-Jul-2022', 98, 1);
insert into CALORIAS_SESION (CALORIAS_SESION_ID, CALORIAS, FECHA_MEDICION, CLIENTE_ID, NO_SESION) values (99, 88, '30-Aug-2022', 99, 1);
insert into CALORIAS_SESION (CALORIAS_SESION_ID, CALORIAS, FECHA_MEDICION, CLIENTE_ID, NO_SESION) values (100, 469, '23-May-2022', 100, 1);
insert into CALORIAS_SESION (CALORIAS_SESION_ID, CALORIAS, FECHA_MEDICION, CLIENTE_ID, NO_SESION) values (101, 27, '11-Nov-2022', 101, 1);
insert into CALORIAS_SESION (CALORIAS_SESION_ID, CALORIAS, FECHA_MEDICION, CLIENTE_ID, NO_SESION) values (102, 880, '26-Feb-2022', 102, 1);
insert into CALORIAS_SESION (CALORIAS_SESION_ID, CALORIAS, FECHA_MEDICION, CLIENTE_ID, NO_SESION) values (103, 520, '01-Apr-2022', 103, 1);
insert into CALORIAS_SESION (CALORIAS_SESION_ID, CALORIAS, FECHA_MEDICION, CLIENTE_ID, NO_SESION) values (104, 721, '08-Dec-2022', 104, 1);
insert into CALORIAS_SESION (CALORIAS_SESION_ID, CALORIAS, FECHA_MEDICION, CLIENTE_ID, NO_SESION) values (105, 886, '04-Jan-2023', 105, 1);
insert into CALORIAS_SESION (CALORIAS_SESION_ID, CALORIAS, FECHA_MEDICION, CLIENTE_ID, NO_SESION) values (106, 887, '15-Jun-2022', 106, 1);
insert into CALORIAS_SESION (CALORIAS_SESION_ID, CALORIAS, FECHA_MEDICION, CLIENTE_ID, NO_SESION) values (107, 490, '22-Dec-2022', 107, 1);
insert into CALORIAS_SESION (CALORIAS_SESION_ID, CALORIAS, FECHA_MEDICION, CLIENTE_ID, NO_SESION) values (108, 936, '06-Apr-2022', 108, 1);
insert into CALORIAS_SESION (CALORIAS_SESION_ID, CALORIAS, FECHA_MEDICION, CLIENTE_ID, NO_SESION) values (109, 622, '24-Mar-2022', 109, 1);
insert into CALORIAS_SESION (CALORIAS_SESION_ID, CALORIAS, FECHA_MEDICION, CLIENTE_ID, NO_SESION) values (110, 35, '21-Feb-2022', 110, 1);
insert into CALORIAS_SESION (CALORIAS_SESION_ID, CALORIAS, FECHA_MEDICION, CLIENTE_ID, NO_SESION) values (111, 765, '27-Aug-2022', 111, 1);
insert into CALORIAS_SESION (CALORIAS_SESION_ID, CALORIAS, FECHA_MEDICION, CLIENTE_ID, NO_SESION) values (112, 386, '02-Apr-2022', 112, 1);
insert into CALORIAS_SESION (CALORIAS_SESION_ID, CALORIAS, FECHA_MEDICION, CLIENTE_ID, NO_SESION) values (113, 801, '23-Nov-2022', 113, 1);
insert into CALORIAS_SESION (CALORIAS_SESION_ID, CALORIAS, FECHA_MEDICION, CLIENTE_ID, NO_SESION) values (114, 778, '01-Dec-2022', 114, 1);
insert into CALORIAS_SESION (CALORIAS_SESION_ID, CALORIAS, FECHA_MEDICION, CLIENTE_ID, NO_SESION) values (115, 157, '27-Nov-2022', 115, 1);
insert into CALORIAS_SESION (CALORIAS_SESION_ID, CALORIAS, FECHA_MEDICION, CLIENTE_ID, NO_SESION) values (116, 651, '09-Mar-2022', 116, 1);
insert into CALORIAS_SESION (CALORIAS_SESION_ID, CALORIAS, FECHA_MEDICION, CLIENTE_ID, NO_SESION) values (117, 864, '12-Feb-2022', 117, 1);
insert into CALORIAS_SESION (CALORIAS_SESION_ID, CALORIAS, FECHA_MEDICION, CLIENTE_ID, NO_SESION) values (118, 807, '03-Apr-2022', 118, 1);
insert into CALORIAS_SESION (CALORIAS_SESION_ID, CALORIAS, FECHA_MEDICION, CLIENTE_ID, NO_SESION) values (119, 687, '22-Oct-2022', 119, 1);
insert into CALORIAS_SESION (CALORIAS_SESION_ID, CALORIAS, FECHA_MEDICION, CLIENTE_ID, NO_SESION) values (120, 369, '09-Mar-2022', 120, 1);
insert into CALORIAS_SESION (CALORIAS_SESION_ID, CALORIAS, FECHA_MEDICION, CLIENTE_ID, NO_SESION) values (121, 967, '15-Oct-2022', 121, 1);
insert into CALORIAS_SESION (CALORIAS_SESION_ID, CALORIAS, FECHA_MEDICION, CLIENTE_ID, NO_SESION) values (122, 760, '01-Mar-2022', 122, 1);
insert into CALORIAS_SESION (CALORIAS_SESION_ID, CALORIAS, FECHA_MEDICION, CLIENTE_ID, NO_SESION) values (123, 189, '15-Feb-2022', 123, 1);
insert into CALORIAS_SESION (CALORIAS_SESION_ID, CALORIAS, FECHA_MEDICION, CLIENTE_ID, NO_SESION) values (124, 392, '23-Mar-2022', 124, 1);
insert into CALORIAS_SESION (CALORIAS_SESION_ID, CALORIAS, FECHA_MEDICION, CLIENTE_ID, NO_SESION) values (125, 241, '22-Feb-2022', 125, 1);
insert into CALORIAS_SESION (CALORIAS_SESION_ID, CALORIAS, FECHA_MEDICION, CLIENTE_ID, NO_SESION) values (126, 696, '31-Aug-2022', 126, 1);
insert into CALORIAS_SESION (CALORIAS_SESION_ID, CALORIAS, FECHA_MEDICION, CLIENTE_ID, NO_SESION) values (127, 360, '12-Mar-2022', 127, 1);
insert into CALORIAS_SESION (CALORIAS_SESION_ID, CALORIAS, FECHA_MEDICION, CLIENTE_ID, NO_SESION) values (128, 59, '21-Sep-2022', 128, 1);
insert into CALORIAS_SESION (CALORIAS_SESION_ID, CALORIAS, FECHA_MEDICION, CLIENTE_ID, NO_SESION) values (129, 335, '24-Mar-2022', 129, 1);
insert into CALORIAS_SESION (CALORIAS_SESION_ID, CALORIAS, FECHA_MEDICION, CLIENTE_ID, NO_SESION) values (130, 811, '26-Mar-2022', 130, 1);
insert into CALORIAS_SESION (CALORIAS_SESION_ID, CALORIAS, FECHA_MEDICION, CLIENTE_ID, NO_SESION) values (131, 500, '29-Sep-2022', 131, 1);
insert into CALORIAS_SESION (CALORIAS_SESION_ID, CALORIAS, FECHA_MEDICION, CLIENTE_ID, NO_SESION) values (132, 750, '20-Mar-2022', 132, 1);
insert into CALORIAS_SESION (CALORIAS_SESION_ID, CALORIAS, FECHA_MEDICION, CLIENTE_ID, NO_SESION) values (133, 599, '13-Oct-2022', 133, 1);
insert into CALORIAS_SESION (CALORIAS_SESION_ID, CALORIAS, FECHA_MEDICION, CLIENTE_ID, NO_SESION) values (134, 501, '05-Dec-2022', 134, 1);
insert into CALORIAS_SESION (CALORIAS_SESION_ID, CALORIAS, FECHA_MEDICION, CLIENTE_ID, NO_SESION) values (135, 742, '09-Jul-2022', 135, 1);
insert into CALORIAS_SESION (CALORIAS_SESION_ID, CALORIAS, FECHA_MEDICION, CLIENTE_ID, NO_SESION) values (136, 861, '05-Apr-2022', 136, 1);
insert into CALORIAS_SESION (CALORIAS_SESION_ID, CALORIAS, FECHA_MEDICION, CLIENTE_ID, NO_SESION) values (137, 710, '30-Apr-2022', 137, 1);
insert into CALORIAS_SESION (CALORIAS_SESION_ID, CALORIAS, FECHA_MEDICION, CLIENTE_ID, NO_SESION) values (138, 40, '27-May-2022', 138, 1);
insert into CALORIAS_SESION (CALORIAS_SESION_ID, CALORIAS, FECHA_MEDICION, CLIENTE_ID, NO_SESION) values (139, 611, '17-May-2022', 139, 1);
insert into CALORIAS_SESION (CALORIAS_SESION_ID, CALORIAS, FECHA_MEDICION, CLIENTE_ID, NO_SESION) values (140, 899, '08-Mar-2022', 140, 1);
insert into CALORIAS_SESION (CALORIAS_SESION_ID, CALORIAS, FECHA_MEDICION, CLIENTE_ID, NO_SESION) values (141, 605, '22-Apr-2022', 141, 1);
insert into CALORIAS_SESION (CALORIAS_SESION_ID, CALORIAS, FECHA_MEDICION, CLIENTE_ID, NO_SESION) values (142, 551, '08-Dec-2022', 142, 1);
insert into CALORIAS_SESION (CALORIAS_SESION_ID, CALORIAS, FECHA_MEDICION, CLIENTE_ID, NO_SESION) values (143, 878, '18-Mar-2022', 143, 1);
insert into CALORIAS_SESION (CALORIAS_SESION_ID, CALORIAS, FECHA_MEDICION, CLIENTE_ID, NO_SESION) values (144, 625, '22-Aug-2022', 144, 1);
insert into CALORIAS_SESION (CALORIAS_SESION_ID, CALORIAS, FECHA_MEDICION, CLIENTE_ID, NO_SESION) values (145, 851, '07-Oct-2022', 145, 1);
insert into CALORIAS_SESION (CALORIAS_SESION_ID, CALORIAS, FECHA_MEDICION, CLIENTE_ID, NO_SESION) values (146, 953, '18-Feb-2022', 146, 1);
insert into CALORIAS_SESION (CALORIAS_SESION_ID, CALORIAS, FECHA_MEDICION, CLIENTE_ID, NO_SESION) values (147, 242, '11-Feb-2022', 147, 1);
insert into CALORIAS_SESION (CALORIAS_SESION_ID, CALORIAS, FECHA_MEDICION, CLIENTE_ID, NO_SESION) values (148, 590, '22-Sep-2022', 148, 1);
insert into CALORIAS_SESION (CALORIAS_SESION_ID, CALORIAS, FECHA_MEDICION, CLIENTE_ID, NO_SESION) values (149, 700, '21-Aug-2022', 149, 1);
insert into CALORIAS_SESION (CALORIAS_SESION_ID, CALORIAS, FECHA_MEDICION, CLIENTE_ID, NO_SESION) values (150, 40, '22-Feb-2022', 150, 1);
