insert into ADMINISTRADOR (EMPLEADO_ID, USERNAME, PASSWORD, DESCRIPCION_ROL, CERTIFICADO) values (1, 'dcopins0', 'cLcVYk', 'hru90lp1apr3man5wzla27m3fxkq8znwbfqawoda7nlioohm54oklk8qczzs45gh4v3u99nps3nq1ucjd01rvi637sluc', empty_blob());
insert into ADMINISTRADOR (EMPLEADO_ID, USERNAME, PASSWORD, DESCRIPCION_ROL, CERTIFICADO) values (2, 'jivashnyov1', 'cp2ZRw3t5ew9', '8yctc2f6piayuitgsl0i1a10d6sysyc6rsgdecdytv7m2psup51k0svljhlr5lws763y9lordv2ht0cy4fbhsa96qgrnh', empty_blob());
insert into ADMINISTRADOR (EMPLEADO_ID, USERNAME, PASSWORD, DESCRIPCION_ROL, CERTIFICADO) values (3, 'mhammerberger2', '9TWgUD65R', 'd3kr93kprvllbi0sqhu3cmz7cwnrw0kb36a5uctgfeqcxzmp28w7iu8lp5a2b6q6mc0aw4cbaxxvhw685oz5c1vnfmmxs', empty_blob());
insert into ADMINISTRADOR (EMPLEADO_ID, USERNAME, PASSWORD, DESCRIPCION_ROL, CERTIFICADO) values (4, 'gpogg3', 'Od75xP23U', '9lfjj40gn7sozc5ii3f4zxx60147atybmjkrmvdp49mecjprn0ofls40iueurk4ovcne0uqqit8xohosdinw3z68gpmcl', empty_blob());
insert into ADMINISTRADOR (EMPLEADO_ID, USERNAME, PASSWORD, DESCRIPCION_ROL, CERTIFICADO) values (5, 'jhalbord4', 'EUmFAJ8un', 'yzamjys9g122tnv4vstynk8sbi3juydu6juozo8atx56vvmq7eqbu8h6bgk7bvmscetiwdqyrcfxetr6ynzvf91xoo3qn', empty_blob());
insert into ADMINISTRADOR (EMPLEADO_ID, USERNAME, PASSWORD, DESCRIPCION_ROL, CERTIFICADO) values (6, 'ggracey5', 'aGWBWCrC', '5glpinp8fyhn4crc6hydw7px2xwlbwwz0otkaijj4531zfdfalj6cjkfiapjhobbn914oel9patghyvp6y0uaoidtx9p4', empty_blob());
insert into ADMINISTRADOR (EMPLEADO_ID, USERNAME, PASSWORD, DESCRIPCION_ROL, CERTIFICADO) values (7, 'imclaine6', 'mgbOOOBTP', 'potfymymrdoluqws07s49v4lv92z5tnteturejhwzmj6q3zkg44gsjgfbssahzbm5oxzytb3smn52quydbj4i7e26wkj2', empty_blob());
insert into ADMINISTRADOR (EMPLEADO_ID, USERNAME, PASSWORD, DESCRIPCION_ROL, CERTIFICADO) values (8, 'dcunniffe7', 'UZlNXyKu', 'ayoplxhrcjlu6knbde915l15m8n066ee6hyoi1ge7lpl0r0s67038fchfikjg4mknwx5thp5558ky55mncezdceva39do', empty_blob());
insert into ADMINISTRADOR (EMPLEADO_ID, USERNAME, PASSWORD, DESCRIPCION_ROL, CERTIFICADO) values (9, 'cwalhedd8', '9X51NPQ4', '8czadpycdk9ws0y3jbkrtvylrwrd9gz5ndoz8kdsck1fcjrzut59tpf3pk49c3or7hwvg11q82qygu7bncqqawy2v7uxz', empty_blob());
insert into ADMINISTRADOR (EMPLEADO_ID, USERNAME, PASSWORD, DESCRIPCION_ROL, CERTIFICADO) values (10, 'dosullivan9', '8tyNFlw45wC', 'g76s3zlv85lusyaeagnszrcrrzxqdmjhnyidigd80ja4q19kllj61xie46ejhjn7zo50qwmg9i4ven03ho07ua13lzwfd', empty_blob());
insert into ADMINISTRADOR (EMPLEADO_ID, USERNAME, PASSWORD, DESCRIPCION_ROL, CERTIFICADO) values (11, 'wradbonea', 'pBkcr9JDI35c', 'fv9f9bai35wu7jsns49knd1nt4a1jncss5m0nvgo4gws2wwu6mxzc230hwps0f3usftkqcmn5xajykztlvteekht890bm', empty_blob());
insert into ADMINISTRADOR (EMPLEADO_ID, USERNAME, PASSWORD, DESCRIPCION_ROL, CERTIFICADO) values (12, 'sstevensonb', 'SVqdvG', 'fm179u1xl221d5zqmkjwvv793kemcbi8858sd5xptk03nivy26v9ymkzfcsy9p44dts5cvlpo3vrqlm06j3lt2b4esyal', empty_blob());
insert into ADMINISTRADOR (EMPLEADO_ID, USERNAME, PASSWORD, DESCRIPCION_ROL, CERTIFICADO) values (13, 'kkuhwaldc', 'XLchq5', 'agabh1as35o12677oervy2cykkc670pvznwo7uzusbixv0nn55xu5deujvtztfvqycgwzxp7l6rw94upyf6wmb8vz3n6h', empty_blob());
insert into ADMINISTRADOR (EMPLEADO_ID, USERNAME, PASSWORD, DESCRIPCION_ROL, CERTIFICADO) values (14, 'agurradod', 'pb1lxNhKs', 'h7ypidxe1ygh0xp7cn90cpbog5eavbgzvi624as4bsar07xmffandbyw4jby6m14ul63enjswe4rmhtjnq98ds2bhbcy1', empty_blob());
insert into ADMINISTRADOR (EMPLEADO_ID, USERNAME, PASSWORD, DESCRIPCION_ROL, CERTIFICADO) values (15, 'giacobonie', 'fwk8I5m', 'm2jcufd2p2mmfgsmt8fr7ms6tczkoshnmben3m79h3ajxlk9gm34dwejs8lsiie02rcdkkbr4qevlbd3kxwnbzq5me1mo', empty_blob());
insert into ADMINISTRADOR (EMPLEADO_ID, USERNAME, PASSWORD, DESCRIPCION_ROL, CERTIFICADO) values (16, 'jstrelitzkif', 'cruqcadK', 'xk6bv1p01y5ps7ccc5nz8e4l775o0wabnkfxbijhpd4lkt77ahyasixbo9hs6c621yxkf4b4uiurqskfugkq997l4zmwj', empty_blob());
insert into ADMINISTRADOR (EMPLEADO_ID, USERNAME, PASSWORD, DESCRIPCION_ROL, CERTIFICADO) values (17, 'lhurburtg', '03E2eS86', 'h79xh4iwrd37rc8lycgmnf02b4pint5cby6zmyeewyqwhv6rp6jlat43j99whpe034tycz086sn0zmjjpxjyg02r8x3bh', empty_blob());
insert into ADMINISTRADOR (EMPLEADO_ID, USERNAME, PASSWORD, DESCRIPCION_ROL, CERTIFICADO) values (18, 'tcisnerosh', 'wMJ12Cl', 'cuf10njml55ocuw7plhbkbuo820kd2y7vyzj0gxmnuzdkjefdhyjyad61sjjaasdkqcsmwerw9t86twqf5xjdyjka7h8r', empty_blob());
insert into ADMINISTRADOR (EMPLEADO_ID, USERNAME, PASSWORD, DESCRIPCION_ROL, CERTIFICADO) values (19, 'bgaspardi', 'NUWBdh6s', 'ywazuri2wxiz7wvor2yjy3x9wqi0sqzn1wcp4zk99k2t5cvatu39oul0j8hleadd8za3r3bt85z7h29ztn6gf3qpqog79', empty_blob());
insert into ADMINISTRADOR (EMPLEADO_ID, USERNAME, PASSWORD, DESCRIPCION_ROL, CERTIFICADO) values (20, 'ajakubovskij', 'iK9NR428kYf', 'e99sotkrh2ptcxcxsl0ldfih9g4m3b0pnyt9vsfuo3gaz0l6xvuznunxz4ptqmayk2hqme0ppzm02cs6lr9spyom0m6ao', empty_blob());
insert into ADMINISTRADOR (EMPLEADO_ID, USERNAME, PASSWORD, DESCRIPCION_ROL, CERTIFICADO) values (21, 'ltoderinik', 'ODYjf4YL', 'm75drpl4ev0kwetpcukaa6f2txac31jl59i96sbm5z1ytyw06t11o7cl234ilxhxmgro9rjlgv5mprai3m5fof0acr0vf', empty_blob());
insert into ADMINISTRADOR (EMPLEADO_ID, USERNAME, PASSWORD, DESCRIPCION_ROL, CERTIFICADO) values (22, 'azanrel', 'pq6vu1sK', '92ytsfpsqf9ypwmu3iys8rvka10odbgn9lmf063po5afdkxwne93pv51epkpdubivhrncky097qqe8dtd10lw7agm8fgw', empty_blob());
insert into ADMINISTRADOR (EMPLEADO_ID, USERNAME, PASSWORD, DESCRIPCION_ROL, CERTIFICADO) values (23, 'mpersichm', 'S5xOKvQ', 'alp5tiiiz16yn82h2foymkz9spazjrvet7dfq4642nntdpezn5oln60q2ij4i51jluqepy5je27tyvtfd9ydgn6dc2xmo', empty_blob());
insert into ADMINISTRADOR (EMPLEADO_ID, USERNAME, PASSWORD, DESCRIPCION_ROL, CERTIFICADO) values (24, 'kbohean', 'kjOtVRk', 'a64tvq9qvb7rjjt1iv9tyakdti6cpmdpkmyc38nzxr08mluv2dizge2h5ynxeihr2bfjn54itlz22zn8l18t44catxmem', empty_blob());
insert into ADMINISTRADOR (EMPLEADO_ID, USERNAME, PASSWORD, DESCRIPCION_ROL, CERTIFICADO) values (25, 'wcominottio', 'WkVjiwh5vJPw', 'mdhttsqkfpabxdbt8vojir74ir23h702ny560m97tg5cm5m42gmp38zfi74wy9o5nso32rware1ibxczoji6pjtajpyie', empty_blob());
insert into ADMINISTRADOR (EMPLEADO_ID, USERNAME, PASSWORD, DESCRIPCION_ROL, CERTIFICADO) values (26, 'bcrabbep', '7HIDTl', 'p8rokfzobi5f5r1x290ftul2rwkdihfjc6e6flp5zhw1aaavrawisyfqs3ej9ajac9ydha7li8skefi7hmrxjvebq7e8m', empty_blob());
insert into ADMINISTRADOR (EMPLEADO_ID, USERNAME, PASSWORD, DESCRIPCION_ROL, CERTIFICADO) values (27, 'zdulantyq', '3gUPMENe', 'qmcnrtro1sc0p1qdhy99zohz59yoq5ahyf7iyg2xgb3p32tx2ssub98tab5l3m1q16tk7jgkpzm2ggpze3rn29vqhyakh', empty_blob());
insert into ADMINISTRADOR (EMPLEADO_ID, USERNAME, PASSWORD, DESCRIPCION_ROL, CERTIFICADO) values (28, 'jbillanyr', 'Zx3Gn381H', 'l73nh6iwu1bkpx5hjdzby2y8u0fj2vjxkjwyd9vymqqcnc4jol5l1s00ce43pp1okce97939yyhh395ybweb48vodtplu', empty_blob());
insert into ADMINISTRADOR (EMPLEADO_ID, USERNAME, PASSWORD, DESCRIPCION_ROL, CERTIFICADO) values (29, 'siddienss', 'xYTCSBtfbfN', 'px394dnnegnad4y1lsfmvrmlns2gjidlq0j4783ov2ji5y2vz06qf4x64abdx0j4zk603v57d3azgcek7n1f32ntalmrm', empty_blob());
insert into ADMINISTRADOR (EMPLEADO_ID, USERNAME, PASSWORD, DESCRIPCION_ROL, CERTIFICADO) values (30, 'jpeabodyt', 'V6jz2jw0zaDn', 'vp4h8tc1hculontvvmh1syfon6m5adg16cp3i90pcyrhtu7b30m0xx43rnpbsthxm7izgsbidrn1uiml1hgkmshqhc95e', empty_blob());
insert into ADMINISTRADOR (EMPLEADO_ID, USERNAME, PASSWORD, DESCRIPCION_ROL, CERTIFICADO) values (31, 'smoattu', 'yYEgd5EYR', '3gl7s3esdj4l3n5e8tedpd4mipy20rcddn09w3dnnrfqo7wz3nljpgo7b4n3gcubo7te75p1tp8f1w2srpyoqxi79zw3x', empty_blob());
insert into ADMINISTRADOR (EMPLEADO_ID, USERNAME, PASSWORD, DESCRIPCION_ROL, CERTIFICADO) values (32, 'acolegrovev', '4ww9etCKY18I', 'owg1sm506o68nlpu68t7pzz33kveg8nfwxfgyjivrqzv9rprntxyrriwtgkrpsg47ece7dirzer6hgwairkol10leo59u', empty_blob());
insert into ADMINISTRADOR (EMPLEADO_ID, USERNAME, PASSWORD, DESCRIPCION_ROL, CERTIFICADO) values (33, 'bzylberdikw', 'EhdonMP8QZFI', 'iuxxmfntfhgcgegn16amwcsvfdtz8cojrei6r91ikq70yrzvzrouetpprrv7bl22q4aqqehqzusfzpmtmjtid9aiht1t3', empty_blob());
insert into ADMINISTRADOR (EMPLEADO_ID, USERNAME, PASSWORD, DESCRIPCION_ROL, CERTIFICADO) values (34, 'ifraczakx', 'DJQcHe92Nqj', 'lfsmtpxfovapt9511opnu11vqp0lr9fn3n8kgt5hdcxum0n3qnkjcfzw3ocj4ipt6djgwwut682kanxwu3cc9ai1tk0er', empty_blob());
insert into ADMINISTRADOR (EMPLEADO_ID, USERNAME, PASSWORD, DESCRIPCION_ROL, CERTIFICADO) values (35, 'abowery', '2FVKhkQVI', 'sfxwt1z0ajygtj0ttjsnrioxjjt24xli26cno0nf9bbzuv06qdx13sm2kparaioy6i1z6am2jg3dxjm8gzvpwrougevzv', empty_blob());
insert into ADMINISTRADOR (EMPLEADO_ID, USERNAME, PASSWORD, DESCRIPCION_ROL, CERTIFICADO) values (36, 'dwatsonz', 'Qvnc6y', 'i0jvwwpcuj5ay72fvhs1zfyqd1ebo5lzw53ku60cfdhu8gtwrhsew4lusvhuv7xtx9ewpf5urbw0x61bh0jnf91pws2uy', empty_blob());
insert into ADMINISTRADOR (EMPLEADO_ID, USERNAME, PASSWORD, DESCRIPCION_ROL, CERTIFICADO) values (37, 'mkleinberer10', 'PjkFPvrrK', 'jtpki2o18pxb7poszc3mjb1x73v0w7aedvkg6q7ratecpouxj290z7gw0wjiljeaol178j35latfcjbox9db7wd28jhv2', empty_blob());
insert into ADMINISTRADOR (EMPLEADO_ID, USERNAME, PASSWORD, DESCRIPCION_ROL, CERTIFICADO) values (38, 'fwittering11', 'LUT27CIA', '3gsi2uqqdq97au22k4d1krk3c4mq2jzhjpxhp41327pw9e3jrc2nl0p7rf0b2gluy8cyzw3ivn3ameww48lbfk4bcfbk3', empty_blob());
insert into ADMINISTRADOR (EMPLEADO_ID, USERNAME, PASSWORD, DESCRIPCION_ROL, CERTIFICADO) values (39, 'wteeney12', 'XKRK8b', 'oa8vam3swd3tlvh49h9iqwiyt5p62ditvfs79nmhw9ls7v0qp18tfcutg8sv57qcxyn9p8ydmenoh3jjjagj83829s4nq', empty_blob());
insert into ADMINISTRADOR (EMPLEADO_ID, USERNAME, PASSWORD, DESCRIPCION_ROL, CERTIFICADO) values (40, 'bwegner13', 'qYYqxc56Db', 'bkqqzztegrhb4vxjvwi6630cvlwaipk324yaiaggpdezz022eph3jytzjkmkuqgvnjf3td22q7wnjzfnivl5aqkiusrq3', empty_blob());
insert into ADMINISTRADOR (EMPLEADO_ID, USERNAME, PASSWORD, DESCRIPCION_ROL, CERTIFICADO) values (41, 'fleber14', 't2dPnW', 'zrfk2ohfg8fkba0bfl9j61sxlggkvln1fauc0ixsnk746o6nkmv79qjr07uo5n604ilsw9yexd13olaojumniutt572do', empty_blob());
insert into ADMINISTRADOR (EMPLEADO_ID, USERNAME, PASSWORD, DESCRIPCION_ROL, CERTIFICADO) values (42, 'ksproson15', '49KRiwHkQQS', 'na1wqhhpumtxdg6o0d7wbgintx555jdp1y3jw2xgs6gj9z8r03k35l7efzfiifmdtywic9d6b137xvmrnllxdsvk5kj34', empty_blob());
insert into ADMINISTRADOR (EMPLEADO_ID, USERNAME, PASSWORD, DESCRIPCION_ROL, CERTIFICADO) values (43, 'lhumblestone16', 'f7OPfkTcvf', 'j4csaxfrrtfm58alw1ks0vmbqxgqnyjlczxzsqqhf4yeqe11o4d2wpou2fzqwqae5g6e9x0e7g833ie56lzp1tphjhp61', empty_blob());
insert into ADMINISTRADOR (EMPLEADO_ID, USERNAME, PASSWORD, DESCRIPCION_ROL, CERTIFICADO) values (44, 'ogirauld17', 'kYFgSvRApm2', '7no3sv87upburlcsmrosrdzqd7dxj68nm1q0bk7ps4e5vr8y1wt0fzjppwpttrpttdcznxr5dj6wl2ioij8utcn6c1yya', empty_blob());
insert into ADMINISTRADOR (EMPLEADO_ID, USERNAME, PASSWORD, DESCRIPCION_ROL, CERTIFICADO) values (45, 'lwenderott18', 'dqgiuWFH', 'w30uxnfw6drkfk8m4fqe2n1zko2zd3ef5j93ucvrpokpuk18dpomxe2ruoxuu8zyro9wm1gggx8n70irpaxv4hqu3sdy1', empty_blob());
insert into ADMINISTRADOR (EMPLEADO_ID, USERNAME, PASSWORD, DESCRIPCION_ROL, CERTIFICADO) values (46, 'jjaxon19', 'YeF5rjzzUNQ', 's5ewje82oypcgnzxaoodhvxuvdtdgpy6gupswx6uh0u8iny4x0v0c110egc4bqaykvk9r6n7wol49aqnsbwa38p4rlou9', empty_blob());
insert into ADMINISTRADOR (EMPLEADO_ID, USERNAME, PASSWORD, DESCRIPCION_ROL, CERTIFICADO) values (47, 'lpriddey1a', 'f1Opgp', '8lwntwzfp8mrjbtnzu01fl9rtx4t29ijcchl072catzoidfcoonbfucrwsb4ykdra76a1npupmpa6mhgz0tq84o3qswrl', empty_blob());
insert into ADMINISTRADOR (EMPLEADO_ID, USERNAME, PASSWORD, DESCRIPCION_ROL, CERTIFICADO) values (48, 'afettiplace1b', '3i7fDXa', 'o2bcysp8frx9lc4wqr6guq76lvmzncyyr16fqbu51m3yz85as6c21k5tymy0fsoctrxqt5jrp6q6xobc0r296q26nxptt', empty_blob());
insert into ADMINISTRADOR (EMPLEADO_ID, USERNAME, PASSWORD, DESCRIPCION_ROL, CERTIFICADO) values (49, 'tpenwarden1c', 'xDS9LVl8', 'syhmi7gsablvulef1gki4p0t9zlutdroshxkop4xlvyd9d3mvo2ullsj3i6mmd53y0yqlcp94zuioiwjhtwlvfd1w6ynt', empty_blob());
insert into ADMINISTRADOR (EMPLEADO_ID, USERNAME, PASSWORD, DESCRIPCION_ROL, CERTIFICADO) values (50, 'ckenright1d', '8Yep7aB9who', '0r9ah9srj5dbiq4jwwl7ohbl5bu0nv4trewq13o9yiga5akuup34ypm6bxmbo2djgjpoh3og8w0txcew1mhdhfynwdwl0', empty_blob());
insert into ADMINISTRADOR (EMPLEADO_ID, USERNAME, PASSWORD, DESCRIPCION_ROL, CERTIFICADO) values (51, 'adomel1e', 'KiXite', 'd9gkijrit0qkzts6lr6c80zizij9enlvig6us2hpw6zystonqkc2k3vdx1x6hvzepomulygq1ygg596amssugt0cn1ns8', empty_blob());
insert into ADMINISTRADOR (EMPLEADO_ID, USERNAME, PASSWORD, DESCRIPCION_ROL, CERTIFICADO) values (52, 'gsidaway1f', 'v8HfZz', 'f3taxmoy7f2heothucqrcudkjzr9gvo2u20zjzi70gztushrcf93g0hx4az1m2kbuu0z966224vw84exhuu5ylmxb4v6l', empty_blob());
insert into ADMINISTRADOR (EMPLEADO_ID, USERNAME, PASSWORD, DESCRIPCION_ROL, CERTIFICADO) values (53, 'bshutler1g', 'w7igVzHO', 'z4cnri7v8ybc6xqiqne7loeoa5qcz5v5lo18btlevp705ibiywwn1c0te61jo1zccor5pfmzcvqpo6uxegss98ixyuhlq', empty_blob());
insert into ADMINISTRADOR (EMPLEADO_ID, USERNAME, PASSWORD, DESCRIPCION_ROL, CERTIFICADO) values (54, 'qfayerbrother1h', 'DOSqTy', 'jn4fowikh37343r54otr1jgtdh3mdujfdacrkcdjpso8t6iz3ti06ogzo0mhwwgpt0n2ov929d4gojkm2ez2923c3e8w8', empty_blob());
insert into ADMINISTRADOR (EMPLEADO_ID, USERNAME, PASSWORD, DESCRIPCION_ROL, CERTIFICADO) values (55, 'ssarvar1i', 'RQdfmNDQNL6', '493zbkseydsn1gqocqxbfu48kng2x10fpyas6bcz7dq9tdtbjc9n0x6lvomf0ob7djhfpio2i00ii6i89t0wd75c3cpbv', empty_blob());
insert into ADMINISTRADOR (EMPLEADO_ID, USERNAME, PASSWORD, DESCRIPCION_ROL, CERTIFICADO) values (56, 'aleverett1j', 'y3tQB5om', '6mtq13wipu4l0gzc57ecg0s7zpvlxt1aqt473j2uqw719qglq8mio2mohug1xw7n7qg8v5pe1dnpw3apo8lzjphgf2rvn', empty_blob());
insert into ADMINISTRADOR (EMPLEADO_ID, USERNAME, PASSWORD, DESCRIPCION_ROL, CERTIFICADO) values (57, 'amitchard1k', 'JZvlPbJtGu', '6kqy34ou7quxkqierzibak2kqoteyue2ag9wo8wf5ce2lhqnszdfd5sjnlfd4r6nnxdg72fv2cjwwgarwptskvd0j7af7', empty_blob());
insert into ADMINISTRADOR (EMPLEADO_ID, USERNAME, PASSWORD, DESCRIPCION_ROL, CERTIFICADO) values (58, 'kbarge1l', 'KP6W9oSEGV', '3o03538b4zy7dpsempkoi9kr2y1dpueh6ocvf7xasvg88aipxn2fe0ajuogquhh4riomp5y4qkl7wuoy218wqs4c4b813', empty_blob());
insert into ADMINISTRADOR (EMPLEADO_ID, USERNAME, PASSWORD, DESCRIPCION_ROL, CERTIFICADO) values (59, 'wwraight1m', 'lhjZ7LV5zh', 'xrr3iwmd3nes1qqx0x368rjh53o1vxxqsqo3cg52qe8eifodbr26oj1bn37gpm66vou49tdngn8x8p8loj7cst85cxsdz', empty_blob());
insert into ADMINISTRADOR (EMPLEADO_ID, USERNAME, PASSWORD, DESCRIPCION_ROL, CERTIFICADO) values (60, 'bdrewclifton1n', '5KziPogkuy', 'jpvryjnt20fia0ndiyzkp63r0d4son3ntlr6dr6zifq2ghl3nh17a5iykpadg34st5af17tauhh0t0qr0cnyyj2mokakn', empty_blob());
insert into ADMINISTRADOR (EMPLEADO_ID, USERNAME, PASSWORD, DESCRIPCION_ROL, CERTIFICADO) values (61, 'bsawyers1o', 'ICNJh6K', 'q6pi3ix86sabcub2i8vk6k01tv4vuw4e6mn7n8hl167z9ei38evnfh1ys9p7xqk5t1vs0rggcvs9jeiodhf18soo9uda9', empty_blob());
insert into ADMINISTRADOR (EMPLEADO_ID, USERNAME, PASSWORD, DESCRIPCION_ROL, CERTIFICADO) values (62, 'afoynes1p', 'AojiHOVjDJq', '8681cyi0eczh3g57p8474fjfj8whrlzcxkw86ihrvgx9t45r8lhvkzvt5hpuz89ga91fgnbt8fn5qugf8bpcyyx1xmb13', empty_blob());
insert into ADMINISTRADOR (EMPLEADO_ID, USERNAME, PASSWORD, DESCRIPCION_ROL, CERTIFICADO) values (63, 'rorpwood1q', 'AMhbQ4', '5709o09gbmakfnxn3m4rni7qs1iwbmuxsulovvk5qblcr0bjc97ikgwlr86dxgllr8x9conyqepd6ms71clxlsyvjqkea', empty_blob());
insert into ADMINISTRADOR (EMPLEADO_ID, USERNAME, PASSWORD, DESCRIPCION_ROL, CERTIFICADO) values (64, 'jghelarducci1r', 'PilM9Vx2', 'gby9levsxj174d6hspu5pr7uq5cp3c8z9i61ay57htnodii23p0xdbf5gxx4qj0ldp3jrwgwriu91nsavjmder50xsivx', empty_blob());
insert into ADMINISTRADOR (EMPLEADO_ID, USERNAME, PASSWORD, DESCRIPCION_ROL, CERTIFICADO) values (65, 'cbuckel1s', 'cByNlJSSiAyU', 'axxyud1decq3pd9iimvx42g9qr7q4xjnrcgg8jpx6n93kvb8i8ud4xekn1xfz3fxyv8mzdiijgohpggl3iqr7tabref2l', empty_blob());
insert into ADMINISTRADOR (EMPLEADO_ID, USERNAME, PASSWORD, DESCRIPCION_ROL, CERTIFICADO) values (66, 'lvanacci1t', '8ny8gjM6vw8', 'r09aspqsasivtpvhba8few1fwqhj6rk02wrtfrdqsjqkmxitqk4r8kcr0miayb52zwc5ci2vq4fndvapr4p93x2qw2hkz', empty_blob());
insert into ADMINISTRADOR (EMPLEADO_ID, USERNAME, PASSWORD, DESCRIPCION_ROL, CERTIFICADO) values (67, 'awhines1u', 'VDm3X3CAm', 'itk4vnqs2vhbomuuuee8hpgf792cvhejvrvho5ivx617zewy91l5dzadxi2djs6rieu5xv5u6maazglcje0u7qw4lc2aw', empty_blob());
insert into ADMINISTRADOR (EMPLEADO_ID, USERNAME, PASSWORD, DESCRIPCION_ROL, CERTIFICADO) values (68, 'mmacgaughey1v', 'AB6aTfI23YV', 'd6l5s9f4gaoyppg19nn1cp76pxyjoyf2pam2s2ycb2j5c42evx5lea4knqwd0uk69n5m6aml7441z5si77yfwczl6eylt', empty_blob());
insert into ADMINISTRADOR (EMPLEADO_ID, USERNAME, PASSWORD, DESCRIPCION_ROL, CERTIFICADO) values (69, 'mdimitrijevic1w', 'mbQ7px5xtO', 'o2dszwa7bofz5pqhtyt33reyt12lynx74r511wwb03zm7zkghjw047s4ab33z1u3jx7w89z8lf5178g43bjx40c1xhmto', empty_blob());
insert into ADMINISTRADOR (EMPLEADO_ID, USERNAME, PASSWORD, DESCRIPCION_ROL, CERTIFICADO) values (70, 'lleftley1x', '23CrrH514ku', 'my9ijugd8fjf32eb09p7usajroa384gj6va3x4cd7kjdmxd3oc65qze8a4kkiobkg8h5iuajlpm1qnnyu7tp895qlwlyq', empty_blob());
insert into ADMINISTRADOR (EMPLEADO_ID, USERNAME, PASSWORD, DESCRIPCION_ROL, CERTIFICADO) values (71, 'tfynn1y', 'piKdFlry', '78qh9uvohxkdttmbj414zyr4ydej4zs0hkclmcjy98dfn8ig3dlgav3cq8bnyd4febtie63wfshxj45o0ftwfbr0pr0cu', empty_blob());
insert into ADMINISTRADOR (EMPLEADO_ID, USERNAME, PASSWORD, DESCRIPCION_ROL, CERTIFICADO) values (72, 'llanham1z', 'DL60EW', '6385jn70m7zhs0mjeudxrzig0xbqjvo2gkyfi7ibwy8rcawtsrjejv94nnrxggtelqmn1lhslu8nzn6zovm2ub32h2iwr', empty_blob());
insert into ADMINISTRADOR (EMPLEADO_ID, USERNAME, PASSWORD, DESCRIPCION_ROL, CERTIFICADO) values (73, 'tjurkowski20', 'nsS2s1x', 'k0gl0xmt76zvjd7e7pmx71axd329xckr8jhssynqujht1nvyznqm3yift92kd4n207eyzzvibgs4om9uv2z0331by0faa', empty_blob());
insert into ADMINISTRADOR (EMPLEADO_ID, USERNAME, PASSWORD, DESCRIPCION_ROL, CERTIFICADO) values (74, 'srichel21', 'JqjTOmatYgk5', 'ky0yptvs4byv3ki1l06a2h9jobhvz1zeou1vx29xivoz75o3wdmmmokei6tpp3bw5w35j9kw99tpds70jcid7jipkxlro', empty_blob());
insert into ADMINISTRADOR (EMPLEADO_ID, USERNAME, PASSWORD, DESCRIPCION_ROL, CERTIFICADO) values (75, 'pwaterland22', 'N93dfYBnkT8y', 'qn96ha1ao2zkwwtfnnsct4c2dbh02mlpgur8lc6siyme8iy0f6cp2g7wh377abk719o0efgmdffxsjbstbmkqa8j9zw9w', empty_blob());
insert into ADMINISTRADOR (EMPLEADO_ID, USERNAME, PASSWORD, DESCRIPCION_ROL, CERTIFICADO) values (76, 'fculpin23', 'AYes8O3WRWf', 'u1whxucnqiyjy4kpzegbvu9d5f4k32w236eo7cj9xcvdq6funqcwtwbif2l41hxy6vox6jl14hom84rb5s72uygzhd9s3', empty_blob());
insert into ADMINISTRADOR (EMPLEADO_ID, USERNAME, PASSWORD, DESCRIPCION_ROL, CERTIFICADO) values (77, 'gwasselin24', 'NWfEllEXWk9', 'c9y2hlwsxh2u14n76d5tpc30cpnvv8l69190z1honbc3cldxjix8l62qizzm609t32168uxafda5kz6taeolyhb6mi17w', empty_blob());
insert into ADMINISTRADOR (EMPLEADO_ID, USERNAME, PASSWORD, DESCRIPCION_ROL, CERTIFICADO) values (78, 'csmurfitt25', 'vZDnoZ', '6z0btza84ltycgs1vv0zc6c9hrvv2c24hra1pcl3qxq9sbq4apujagtqylfy45cisopv27gcons818cqd79tbewewlmfx', empty_blob());
insert into ADMINISTRADOR (EMPLEADO_ID, USERNAME, PASSWORD, DESCRIPCION_ROL, CERTIFICADO) values (79, 'mboullen26', 'hi1xrPKSr', '9w6ssor209gdpr4sw5d0wp41b8d6ls0guatyylg9eltnx2ocofu1913uyin9xreep9vblhna9ebnioe008clhxpb02h7x', empty_blob());
insert into ADMINISTRADOR (EMPLEADO_ID, USERNAME, PASSWORD, DESCRIPCION_ROL, CERTIFICADO) values (80, 'jhallgath27', 'oVpKkE0s', 'o1051q4q7whu2pnii71cqpu2ihxsdrvez7610xrkmml6qk8x9gljrn8rfjo19o0ti8ah8m97gcc1amg3gckzocke1feaf', empty_blob());
insert into ADMINISTRADOR (EMPLEADO_ID, USERNAME, PASSWORD, DESCRIPCION_ROL, CERTIFICADO) values (81, 'hliddiard28', 'FAN1mTLAcU', 'pw9c3asks861ed2op9sji8f6cku6bny4uhyb3aw13c4x6huatk8q8z7esw5yxfvbj65xa7vouwh4n5ruqhimkdpvu898i', empty_blob());
insert into ADMINISTRADOR (EMPLEADO_ID, USERNAME, PASSWORD, DESCRIPCION_ROL, CERTIFICADO) values (82, 'mconers29', 'vTCoa0dZLo', 'rzs1pewyzy0hrw9gy47fklbcpu182v6075cxinc63uoajp5163gl11dbc1whq5310cnkzynmf5s04ycbrck0ze4ywjqm8', empty_blob());
insert into ADMINISTRADOR (EMPLEADO_ID, USERNAME, PASSWORD, DESCRIPCION_ROL, CERTIFICADO) values (83, 'ldyble2a', 'JwYtZqi', 'grgov4en8vg4wt6xaqj7t19jg4xss7js3afcd8qy9fgm6qtak98hm7pcqv7ztbeimhmztp6dlg6dspsj472cwwcg0zkk3', empty_blob());
insert into ADMINISTRADOR (EMPLEADO_ID, USERNAME, PASSWORD, DESCRIPCION_ROL, CERTIFICADO) values (84, 'agable2b', '3FFZva', 'mmcftglnrulrcfv4wzgruaysriargz7e9g0quspdf96bz2rvsjzgqsemi7p344hun505yrlr5tzzflmgvmntqic7wwf7f', empty_blob());
insert into ADMINISTRADOR (EMPLEADO_ID, USERNAME, PASSWORD, DESCRIPCION_ROL, CERTIFICADO) values (85, 'rguidini2c', 'wYSma0cj', '2fa4c5gtb33fde7fo7aqfzu4tz013vq0of3oxk2lgl1jzzqa9is0qjvn54005xghiwmv44pr89ob2vlrkr4ewmlld6y9w', empty_blob());
insert into ADMINISTRADOR (EMPLEADO_ID, USERNAME, PASSWORD, DESCRIPCION_ROL, CERTIFICADO) values (86, 'plowerson2d', 'L0GWNP9Nn', 'ejdnvff7id5q5socz0z5rj5rf92a5mrg3p78k31bq4owjln9bj6v6fbylm7hrmqz3fa5jw9nw5tw08z2h7ckt870n27ff', empty_blob());
insert into ADMINISTRADOR (EMPLEADO_ID, USERNAME, PASSWORD, DESCRIPCION_ROL, CERTIFICADO) values (87, 'mwatkiss2e', 'JY8bCqOmsZ', 'tntya0vv6i0od2h990ten7qsfxo1gqsy690g1f5vnr7t4ck4bmc0habg23d3fak24gyc47udom9mtjxar89u40q06cwqi', empty_blob());
insert into ADMINISTRADOR (EMPLEADO_ID, USERNAME, PASSWORD, DESCRIPCION_ROL, CERTIFICADO) values (88, 'lredholes2f', 'fKwRDao', '9awfiq6am3poyy7fkbuz7yclf2a9ehz3kb688psyd6sd2ol0r1knibuu2gcx4ze7qh9k7daqdvfd494jnr1ox6nh053m0', empty_blob());
insert into ADMINISTRADOR (EMPLEADO_ID, USERNAME, PASSWORD, DESCRIPCION_ROL, CERTIFICADO) values (89, 'ttweede2g', 'g2PZUOgZLJ', 'y4nw2uo53vujszm82qw2h8umocfqqtep5d624suvnmr1t9ze4y4r5a6nuvmz5eymj3tae2l6h46mmw273t4uifck083o8', empty_blob());
insert into ADMINISTRADOR (EMPLEADO_ID, USERNAME, PASSWORD, DESCRIPCION_ROL, CERTIFICADO) values (90, 'lnoell2h', 'cqU7pVE', '10to5r1ae95au7yer81ymmr6o3ybjir512uasimlvlzxi3wdwh1k0hembon6zh3ulbpzuvyeqbf79mczmffrr28nkb4k2', empty_blob());
insert into ADMINISTRADOR (EMPLEADO_ID, USERNAME, PASSWORD, DESCRIPCION_ROL, CERTIFICADO) values (91, 'long2i', '3jQnd4L', 'ch8w2770y961dv3uy8qtu53em2bxuh0cg5eut3x9cowyyyctrzxwmeh68yebsjg1iv3p1cg0odj3pq6aadaeu3dzd4xlj', empty_blob());
insert into ADMINISTRADOR (EMPLEADO_ID, USERNAME, PASSWORD, DESCRIPCION_ROL, CERTIFICADO) values (92, 'kgallety2j', 'yKkZEsUd', 'y5xn0b4u37vkva7t2hdye4h0ylae2a49t5w7vgb7wsjped7643jxnbl7vlq4wo770uafwtp26iwyop8wpp800ikwjnx6w', empty_blob());
insert into ADMINISTRADOR (EMPLEADO_ID, USERNAME, PASSWORD, DESCRIPCION_ROL, CERTIFICADO) values (93, 'swathan2k', 'PQnVF3c', 'rqiru25o3in85cf5dpkhabfot91ry5mrj5t807h7ep6xmx0fzl2xes2teqc0sx96kllmf18wulwb28doczlys6h8k7l7t', empty_blob());
insert into ADMINISTRADOR (EMPLEADO_ID, USERNAME, PASSWORD, DESCRIPCION_ROL, CERTIFICADO) values (94, 'rtuckley2l', 'VJVacNu19', '3l8w04jxn2b9ui1lvtwu5ihzowkmmdx5v3lrz7jsd0lyb6bqjqdpl0q1m4bk2bk3a19sga3ugi5k9wtl5i7kck6lps6jm', empty_blob());
insert into ADMINISTRADOR (EMPLEADO_ID, USERNAME, PASSWORD, DESCRIPCION_ROL, CERTIFICADO) values (95, 'kleblond2m', 'TsLpvDqwrF', '82ve6hreiz45arzdlwdibkuvbgu8b4hndyfpyfqox7mbrdc7kx6t4zv44csu8m9613ucv69hfe17mwlqsxwm6j1g12tw6', empty_blob());
insert into ADMINISTRADOR (EMPLEADO_ID, USERNAME, PASSWORD, DESCRIPCION_ROL, CERTIFICADO) values (96, 'nspurrior2n', '7nEmjuf6ynVb', 'qr3jkcrc235yocznaa3y74ib6th5qnapd41iixmxxw3z18e8epaq73yv3sri2xbbrw3pk7ui2ihhoji380726sgdoizrt', empty_blob());
insert into ADMINISTRADOR (EMPLEADO_ID, USERNAME, PASSWORD, DESCRIPCION_ROL, CERTIFICADO) values (97, 'eerwin2o', 'XuvJ3pyEFqH', 'rlqshn1ij7i8u9obm0adj33lgbmogtl449g6y3p0tbhd5l4uus8a08hyigfnxpnb5q6qi5898aji4lijidva1882tzo9f', empty_blob());
insert into ADMINISTRADOR (EMPLEADO_ID, USERNAME, PASSWORD, DESCRIPCION_ROL, CERTIFICADO) values (98, 'glaverick2p', 'm3Av0X', 'gimblozb077f7q0b6tolu177gw6p2aiq2audb87qubsspoo5gerwjlespmbc9126todo8k4ktwt4a7j45ssiuo5264hda', empty_blob());
insert into ADMINISTRADOR (EMPLEADO_ID, USERNAME, PASSWORD, DESCRIPCION_ROL, CERTIFICADO) values (99, 'lclews2q', '35uCc5wSK2sD', 'onehtoy9l9giaemur5k5ueuphwwe35s2wmquhj4knxik4v85kfuym373d8t614mram304ks8dnplr5is2gej1n94cxkcy', empty_blob());
insert into ADMINISTRADOR (EMPLEADO_ID, USERNAME, PASSWORD, DESCRIPCION_ROL, CERTIFICADO) values (100, 'kmctrusty2r', 'NDUPRi8Xr', '3u9494xr60wi1npn1b4jubdvyy9stm8otbr5ksggwpjyleqohdk6lsmenj36f0xza6naef4v7861vzfjvdz4paqyymxib', empty_blob());
insert into ADMINISTRADOR (EMPLEADO_ID, USERNAME, PASSWORD, DESCRIPCION_ROL, CERTIFICADO) values (101, 'svanoord2s', 'yyjkHnlWtv', 'w1hb5880mbuywcw8uknl2g6zdfnqc0a0rofz8n60d7qh7ufgvgbc94rzjaxcdqsary0pzq0johoh1udll4i2it0ixuevw', empty_blob());
insert into ADMINISTRADOR (EMPLEADO_ID, USERNAME, PASSWORD, DESCRIPCION_ROL, CERTIFICADO) values (102, 'hsemorad2t', '85VWx085QpF', 'w7vf68r9i8wdwma37ju4t3wxlmjqz63tjls7x1oqyuanho8a1zygitypzs1lxvkq69hycaq3jkdxaepoxjccc1876ydid', empty_blob());
insert into ADMINISTRADOR (EMPLEADO_ID, USERNAME, PASSWORD, DESCRIPCION_ROL, CERTIFICADO) values (103, 'wfoucher2u', 'mZcX5F', '1pdm0nows5wm5ms424fgwv0m0x725ykev93we70gj2rznpvipqmygz44dsu3mdpp15ci6tdojwr8mj2wsjrdsu7o53kqc', empty_blob());
insert into ADMINISTRADOR (EMPLEADO_ID, USERNAME, PASSWORD, DESCRIPCION_ROL, CERTIFICADO) values (104, 'dthornthwaite2v', 'nzJGi0irFr', 'wbzdsvxjfta20vwrfbl1vq18xjrqrkeaevhvpdnc2aoq9auwdi2867egp6jo66gpqb63vkg3sg0skg73e2k3k4f1t9t9q', empty_blob());
insert into ADMINISTRADOR (EMPLEADO_ID, USERNAME, PASSWORD, DESCRIPCION_ROL, CERTIFICADO) values (105, 'okermon2w', 'uhVxfSt1tUuE', '6lewlk0j9ff1e70puzxaw6xxhxg6h8q4p1p1qfs3sf4nflmba92metnkyv7q52r4eh01ca6tal4gpm878v37pugndbns8', empty_blob());
insert into ADMINISTRADOR (EMPLEADO_ID, USERNAME, PASSWORD, DESCRIPCION_ROL, CERTIFICADO) values (106, 'vsisse2x', 'hVkkwgSG', 'wp0l3c64pz5phguo3sf7g0mfiyw47ovvv4ytdxtpg14jk4596vacdjq26hiir6ur21xdqlzm15iudocw560t303wzuvaw', empty_blob());
insert into ADMINISTRADOR (EMPLEADO_ID, USERNAME, PASSWORD, DESCRIPCION_ROL, CERTIFICADO) values (107, 'rhurdwell2y', 'WBG4jV', 'udfd8kazbbbtarjizhmmrmrs98xurfcqqaojse8tej3m7rwngt5t0zeyymvjyufgoprgkmyjuy0vgbebyeqdmzfhonqwh', empty_blob());
insert into ADMINISTRADOR (EMPLEADO_ID, USERNAME, PASSWORD, DESCRIPCION_ROL, CERTIFICADO) values (108, 'nbeamish2z', 'uEa4Cc98Q', 'wo6d6knhetqo8t5qgadrgiuf7b2j97rvqw3jrappl8k9tpjxqz551ig7hrut7rsruzzk8y5jxqd89j0x9zx6iu8m3inca', empty_blob());
insert into ADMINISTRADOR (EMPLEADO_ID, USERNAME, PASSWORD, DESCRIPCION_ROL, CERTIFICADO) values (109, 'smaccole30', 'sWiJ5p', 'kxxdlsfzn0g5dfralai7ads0sbmkshzusvtyz3z6dvy13i8yqrwl47uf5myf2ybo2y32r3m55qj0d97ds3xpoxznn8n3l', empty_blob());
insert into ADMINISTRADOR (EMPLEADO_ID, USERNAME, PASSWORD, DESCRIPCION_ROL, CERTIFICADO) values (110, 'ckarlqvist31', 'a3Sejx9', 'a5j79fm7xjxaaui3zshl166sy662bba6im3e8dfdiwdzsqd6lqipmg8calqi3jj3b66y393gq0w6amhovcwq4bojk6liv', empty_blob());
insert into ADMINISTRADOR (EMPLEADO_ID, USERNAME, PASSWORD, DESCRIPCION_ROL, CERTIFICADO) values (111, 'hbeddingham32', 'sP9gkzL', '9ni6ohdj7kga4sx5q23377tkuva020lswzbzm2h6qp2z91jhueh56y4ezmmigzilvszluba8aq0b2ccr9w44li5m6u8eg', empty_blob());
insert into ADMINISTRADOR (EMPLEADO_ID, USERNAME, PASSWORD, DESCRIPCION_ROL, CERTIFICADO) values (112, 'dcasarino33', 'Xkora4', 'vkrl1ccfnd4w0hqg84nuu98cq00stad344f7lm3br7340xasnva2qqesiks1ag27zr0l2ikidkedvjn81nas6291my6k5', empty_blob());
insert into ADMINISTRADOR (EMPLEADO_ID, USERNAME, PASSWORD, DESCRIPCION_ROL, CERTIFICADO) values (113, 'fguilbert34', '5O1Wd6E46', 'n8g2bjsbsb7m5hcr5f3yh5iblwmjr0xwx44ykc5s7p3mqzxub786af32l2urqvu29hgr24eh4528nbafsm4y464pvnnez', empty_blob());
insert into ADMINISTRADOR (EMPLEADO_ID, USERNAME, PASSWORD, DESCRIPCION_ROL, CERTIFICADO) values (114, 'rnevitt35', 'jJeyR8x1e', '6ihnbpecwcsdm0afxi9ittrfdp6kw2r0ua8lx9x83u0wu3ryd0x0na0x1zznb7bbym6pbbgp97sxg4q40b5lxkvig7uni', empty_blob());
insert into ADMINISTRADOR (EMPLEADO_ID, USERNAME, PASSWORD, DESCRIPCION_ROL, CERTIFICADO) values (115, 'ageeraert36', 'N1fZK0jk', 'vi5lwmc1i34r5qxaxbi3lk97rhhp3pj2x39qqw9hg61wq71sisfj7nff9m4k7yt2wlqogf87castgae53x3urqyydkr67', empty_blob());
insert into ADMINISTRADOR (EMPLEADO_ID, USERNAME, PASSWORD, DESCRIPCION_ROL, CERTIFICADO) values (116, 'lgostick37', '4HvbQBUGd5D', 'z092aqs1ofol9cgxmo9tvju920zhgluaq7u3r8z98a8trndwatc6lyuancx0agf0w1xbrw94h54dv0tp1swl42km4ijd5', empty_blob());
insert into ADMINISTRADOR (EMPLEADO_ID, USERNAME, PASSWORD, DESCRIPCION_ROL, CERTIFICADO) values (117, 'rdunster38', 'D0IRZiE', 'rnoo4hvzxba8t6fh7qzrk4n9ezxv2tokjnhwp3y6n565txhtvv1eq2juq89rgynhltzf1aa3d0tc4sv8xyitecz1u0t07', empty_blob());
insert into ADMINISTRADOR (EMPLEADO_ID, USERNAME, PASSWORD, DESCRIPCION_ROL, CERTIFICADO) values (118, 'clatus39', '5yuzR8hvGliV', 'y13yapxkrwfrwwgnzxfzl5b3r2igy6jy0hvb4a7lecer7or9nbw3t7b8dmqb2r76zr3fm899pshpnnukhldjnvdgyhq32', empty_blob());
insert into ADMINISTRADOR (EMPLEADO_ID, USERNAME, PASSWORD, DESCRIPCION_ROL, CERTIFICADO) values (119, 'ribbetson3a', 'L8oc2eE', '7y7tsta5lctop04ybjronimz2cr8e7lamepulwpr12djz5ku2qxbuor3u4rn4i1qa1uzsxn3tctdf1dmlqe06mw2o9tdo', empty_blob());
insert into ADMINISTRADOR (EMPLEADO_ID, USERNAME, PASSWORD, DESCRIPCION_ROL, CERTIFICADO) values (120, 'ghaddington3b', 'BW2XewqaLLHM', 'dop5b7jxcrnm2gp2ag1a7ibp2ktnzro5da45d3k89qu5qw4a8a9yyf8i565wevgyybcq17cefnxo36jabpsi7llbc2ogi', empty_blob());
insert into ADMINISTRADOR (EMPLEADO_ID, USERNAME, PASSWORD, DESCRIPCION_ROL, CERTIFICADO) values (121, 'gmoulds3c', 'zKfEiBZiN', 'm05g0xr7lsjvzxlxn0b33e3vva20zito08hroznmv04uumrkj0wz04k7cvh6lvlr5ithtyvw5su482w4isrs956cf4ih1', empty_blob());
insert into ADMINISTRADOR (EMPLEADO_ID, USERNAME, PASSWORD, DESCRIPCION_ROL, CERTIFICADO) values (122, 'acanto3d', 'AF7FkdilC8x', 'f1u8lun60suu8bl3txjdfzq0sqbl92ro56e35tkt4h6yaia1yzfudgge82f2eh5b22xt8dj68jdxjaoewrsufswvwexgt', empty_blob());
insert into ADMINISTRADOR (EMPLEADO_ID, USERNAME, PASSWORD, DESCRIPCION_ROL, CERTIFICADO) values (123, 'cslowly3e', '3euCau', 'podt9nb18kq0fkf60w6kr7j9bvowietdo3aswk0qjtd78hsdd3surbxmhmddfddbu9e0msylz13r4dxxy0ihzgg6h2rx5', empty_blob());
insert into ADMINISTRADOR (EMPLEADO_ID, USERNAME, PASSWORD, DESCRIPCION_ROL, CERTIFICADO) values (124, 'jandrelli3f', 'FL827RES7GJ', '9nd463cc3ox6ii0yrlp39c7piv5ym4nizybygs28d9otlgzik7nrstu3os40ddzt9ekpzwpju1iy4w0ahea94cbk9wlb7', empty_blob());
insert into ADMINISTRADOR (EMPLEADO_ID, USERNAME, PASSWORD, DESCRIPCION_ROL, CERTIFICADO) values (125, 'lnowaczyk3g', '0wcGx73', 'lnikfgvcuwdcd6zu8vii7hm8zub939rmyjt57bquv892rbbr3q6dwl6nrhvfnxjpomyniie3bi7gr40ax1ztu3u1gvr4i', empty_blob());
insert into ADMINISTRADOR (EMPLEADO_ID, USERNAME, PASSWORD, DESCRIPCION_ROL, CERTIFICADO) values (126, 'kphythian3h', 'tW2fhl', '03ryc0m9yr6x23d6gk72cupd65dy8rdfz2se0y5dlsd2kmgrlqhlfz17u9c0f2a30u7uqlgk658x8jzxmmbop2uheoj1i', empty_blob());
insert into ADMINISTRADOR (EMPLEADO_ID, USERNAME, PASSWORD, DESCRIPCION_ROL, CERTIFICADO) values (127, 'bwhalebelly3i', 'mthRO6HL', 'cd058sm23l3jp1nxef7lm4ec02oosmvzi76wz173t8uwmh8p73dwbmp4qtt43zszuivdox5tixlkuelf59hxq31ftorxv', empty_blob());
insert into ADMINISTRADOR (EMPLEADO_ID, USERNAME, PASSWORD, DESCRIPCION_ROL, CERTIFICADO) values (128, 'vdecayette3j', 'a0VSkkR4IZo', 'sgnwwvcqqjtdl5zb6dqz4mrok7b4e981mbqjq9h0ftwpsuuxdxfa6i9aeu36z3yhcqwd2osv11uizgtba3rapg4f8et4p', empty_blob());
insert into ADMINISTRADOR (EMPLEADO_ID, USERNAME, PASSWORD, DESCRIPCION_ROL, CERTIFICADO) values (129, 'preynard3k', 'ttqqqvI', 'hr77uetr0n361wluli2zr0ev60al0smb2gjm1he9pzslr2s3216a6p43wy24q1vry5k9a6ljk6qwtiah6tjxoqpm62iqm', empty_blob());
insert into ADMINISTRADOR (EMPLEADO_ID, USERNAME, PASSWORD, DESCRIPCION_ROL, CERTIFICADO) values (130, 'ggundrey3l', 'uf83OSGTPaph', 'hwcrwfoyvqm5aukxin2kif457h06d32m262isz7s190nasykt5gm4vngo43v5v4dwquiq2volznwjv1rrod935rmxirdm', empty_blob());
insert into ADMINISTRADOR (EMPLEADO_ID, USERNAME, PASSWORD, DESCRIPCION_ROL, CERTIFICADO) values (131, 'jpimblotte3m', 'uBGkhZAEql', 'y5so18or98w69cep1z491q4nhwa7ezbe0j11qczhd04pwqghewgqz1szmyei8x6jpbu59p1enk5pvil6a7zfy6ns7zygk', empty_blob());
insert into ADMINISTRADOR (EMPLEADO_ID, USERNAME, PASSWORD, DESCRIPCION_ROL, CERTIFICADO) values (132, 'nmaccallam3n', 'j7VwFuKtx', '0u5pc6vmmavnotza4yp0my9hnfa2f8x4prvknlylg5osi74u82scgdjr7441f7bl38octa8wc3jfb5ngk8dqt2d1gl3gt', empty_blob());
insert into ADMINISTRADOR (EMPLEADO_ID, USERNAME, PASSWORD, DESCRIPCION_ROL, CERTIFICADO) values (133, 'bpairpoint3o', 'aWWM6i2y', 'uf5n0arait5mouwcl1uiu8lrp1p0xykspjz7ty69m4vp6rua6do05xzar8rdwwbfvkmaa4b8x30n0pqbax1pfghdvf16v', empty_blob());
insert into ADMINISTRADOR (EMPLEADO_ID, USERNAME, PASSWORD, DESCRIPCION_ROL, CERTIFICADO) values (134, 'jtwittey3p', '1ogBWeEESkV', '37p66250gd155dpvucqttqxpyt3ymz36xgqx9nv459sfe8s3pivhjsx4y5p222mw9wyqzf5rfknixg18120wqhou66dvh', empty_blob());
insert into ADMINISTRADOR (EMPLEADO_ID, USERNAME, PASSWORD, DESCRIPCION_ROL, CERTIFICADO) values (135, 'jsattin3q', 'fSdu6y6xn', 'fi9e8wxyk97pqajwbobqn6pqjm9wt0oh82w24owdwc8eg3jsyxy16vegs97jq8y3jtbqdl9c0irgpc3u3916lojfju7u3', empty_blob());
insert into ADMINISTRADOR (EMPLEADO_ID, USERNAME, PASSWORD, DESCRIPCION_ROL, CERTIFICADO) values (136, 'funthank3r', 'HPIey5YQeEn', '51zooja4atn2cdqn362erb58orzkzc4a8jsfaxr2f1s4i0fhgdhcuqq9mf26lohzhdh0135pumuzvpc9gwwofi6cy03yp', empty_blob());
insert into ADMINISTRADOR (EMPLEADO_ID, USERNAME, PASSWORD, DESCRIPCION_ROL, CERTIFICADO) values (137, 'jpawden3s', 'PMXusE', '75q2tlzhibe5myex67p6pye13vnuhur2s0bours416g9hquanjatl01tq5g27t6281qbjp10g22uf5ntw3ak68ng7gord', empty_blob());
insert into ADMINISTRADOR (EMPLEADO_ID, USERNAME, PASSWORD, DESCRIPCION_ROL, CERTIFICADO) values (138, 'nfitchett3t', 'kW9yYcFi4m', 'b9mmd19c64p3c73g4fntilutz2epqvjmq3vt8of5haq9byinitx9h94nimy8hp93u47yvwbjf0g8gni9ndmwdbxwbeewq', empty_blob());
insert into ADMINISTRADOR (EMPLEADO_ID, USERNAME, PASSWORD, DESCRIPCION_ROL, CERTIFICADO) values (139, 'demmins3u', 'XQ0XYkh', 'uityl7lvrvmue5f1g3y2hhvsx29a45h4tx0n64p1zkzxhwdqrmd2orgqtb7kmr6yuv1q32oxxvfzcbamqxl1aan4arrpr', empty_blob());
insert into ADMINISTRADOR (EMPLEADO_ID, USERNAME, PASSWORD, DESCRIPCION_ROL, CERTIFICADO) values (140, 'rbaudouin3v', '8dLEsCJW', '4ogdwm4tnc7asm3cktnveq64je1ehz32cdoj9s5anyq645otjvm32ugwdbtlt30n6cq8htqkbocju7nzos6cexdzubbz1', empty_blob());
insert into ADMINISTRADOR (EMPLEADO_ID, USERNAME, PASSWORD, DESCRIPCION_ROL, CERTIFICADO) values (141, 'nsmillie3w', 'Uxhybnx2', 'r535dmxe9h1l9d212ndj8k5c4weab7v5nrxnh60b8ddalkw1iooha3fl11u4du84e8e0szawrlvx7flhwsam77s710tnz', empty_blob());
insert into ADMINISTRADOR (EMPLEADO_ID, USERNAME, PASSWORD, DESCRIPCION_ROL, CERTIFICADO) values (142, 'fpoulter3x', 'bjozwooh', 'ayjoneqmdydpbyjgv03uyo6dv4h91i8a2yxatn5pfdfrds8sc54f1d0r5g6f5nh8vcm0mytvc1z726he8il69g2b2y48k', empty_blob());
insert into ADMINISTRADOR (EMPLEADO_ID, USERNAME, PASSWORD, DESCRIPCION_ROL, CERTIFICADO) values (143, 'mbuy3y', 'FsLXIMkI', 'oc9zgi0feg4alb4huohtwgnio04zsra5oa9200dvomdjrhkwwwbce1bjq8zcg1n2nr7ekv4092o7qvov98bzeg8s3uwop', empty_blob());
insert into ADMINISTRADOR (EMPLEADO_ID, USERNAME, PASSWORD, DESCRIPCION_ROL, CERTIFICADO) values (144, 'jbollom3z', 'gWOB8Xfve', 'ke5xhg5udgxuwrdvp4s58kvgx5b48nligu2sak1e5e78i8ddrjkak6527qg3ok40x5iw53kgseytuyf7584ky9wo3wso2', empty_blob());
insert into ADMINISTRADOR (EMPLEADO_ID, USERNAME, PASSWORD, DESCRIPCION_ROL, CERTIFICADO) values (145, 'ggolledge40', 'c97NYe14A', 'xzaapi1ef83xbovbv6ebcaalh6s97qm0wqjdeg1ephzo1sardbduk30qkp512grkoespdti9qb83ja7bf4emlr0sxm6kb', empty_blob());
insert into ADMINISTRADOR (EMPLEADO_ID, USERNAME, PASSWORD, DESCRIPCION_ROL, CERTIFICADO) values (146, 'jjays41', 'Edp3hR4J', 'kqq1hmp6w4uuqluwx593l24j6uij63ewqi85qrgmwscyhbgg498z7upukfk1bhi9qtsel1myo6a4avjfrp7z3xy9aigd3', empty_blob());
insert into ADMINISTRADOR (EMPLEADO_ID, USERNAME, PASSWORD, DESCRIPCION_ROL, CERTIFICADO) values (147, 'dedworthie42', 'Z8GxVE5poz', 'dzfjjxpj9pmz5aw6j1dyyy6pb13ccgbl4pjx6fzdyyehbfc3pauusol2vixkl83717n84p6277pvq629kupumrnkxiseb', empty_blob());
insert into ADMINISTRADOR (EMPLEADO_ID, USERNAME, PASSWORD, DESCRIPCION_ROL, CERTIFICADO) values (148, 'gsnaddin43', '3S8ApRk', '99veoreq5gxw4wgxmnsovnf2li8q40fqt52dt0kttur2iti0d7q455n1dcih66kb5jhhvl5ux10aougoruxbg1gv1xe94', empty_blob());
insert into ADMINISTRADOR (EMPLEADO_ID, USERNAME, PASSWORD, DESCRIPCION_ROL, CERTIFICADO) values (149, 'eshemmin44', 'CYCQAv982', 'mcq8mfg06m279qw7nech53naqkuya7we86a1b6ab5xvthcefpc44w90l99voyei3roihiym902hmucz619e8009ml77dp', empty_blob());
insert into ADMINISTRADOR (EMPLEADO_ID, USERNAME, PASSWORD, DESCRIPCION_ROL, CERTIFICADO) values (150, 'krainford45', 'voD0FS', 'h0qvr3mma25quqa7ujesfizdxp9l3clf4ye5jeql1xjbuu7rp1zis5r2oddvdlh4gdlimaozr1wlbuuc3760wkjo1lkkw', empty_blob());
insert into ADMINISTRADOR (EMPLEADO_ID, USERNAME, PASSWORD, DESCRIPCION_ROL, CERTIFICADO) values (151, 'gbartul46', 'oivj2w', 'fxipu7yq5s4633fwc9jx94neikzs5xyutxm77soa1wtlqe8awvcj28sscrtm8nx9fqfbgpbbpecycb66ef6zppwjg4x8p', empty_blob());
insert into ADMINISTRADOR (EMPLEADO_ID, USERNAME, PASSWORD, DESCRIPCION_ROL, CERTIFICADO) values (152, 'mvost47', 'tSVq42ko', '58d1vwsx24k3a5kt8gtp9u976vqftgqfnbg1b6i5vi6bqqy9llcf9mbmjz4dg4935ytpveca9l40ytztxrb8nppr9hb1j', empty_blob());
insert into ADMINISTRADOR (EMPLEADO_ID, USERNAME, PASSWORD, DESCRIPCION_ROL, CERTIFICADO) values (153, 'hjoselin48', 'HHRY04', '3ov3le3a4ey5uiye0vxm58h0inkmzfar4u8at6d6iqxmnjb9mydos98frmhyjh3m1zlw8pj9040jwr7wnpk57hcb0uq85', empty_blob());
insert into ADMINISTRADOR (EMPLEADO_ID, USERNAME, PASSWORD, DESCRIPCION_ROL, CERTIFICADO) values (154, 'nmepham49', '9BihJfo3', 'w26hsue03feen6nso8rihvanctswdbkc1f5xldx2h3mf2mjj4jktdl0b7plb6kc4fdbeohu81xb5wr9lxgf0dv9akhjcz', empty_blob());
insert into ADMINISTRADOR (EMPLEADO_ID, USERNAME, PASSWORD, DESCRIPCION_ROL, CERTIFICADO) values (155, 'rschneidar4a', 'YH8wMZ9k', 'z0hk2nbk76dh9oyyq5arsdm1fq6lt3yizpqimj9gb7cp2r35h1lkml97ri2lhiqj6cr56jw9v8zqy3pwi05ysw9n1pewc', empty_blob());
insert into ADMINISTRADOR (EMPLEADO_ID, USERNAME, PASSWORD, DESCRIPCION_ROL, CERTIFICADO) values (156, 'pballs4b', 'xB9XFzW9', 'wze66tn2a501assipvarzmdgqmclx7rde3xkckn9wxur749004w9wq9xcf74sw4ldoqctphcea685719h0oci0zulw7fn', empty_blob());
insert into ADMINISTRADOR (EMPLEADO_ID, USERNAME, PASSWORD, DESCRIPCION_ROL, CERTIFICADO) values (157, 'vdacres4c', 'YEnJZlt', 'rojgvhnuorn8og9x77yrtgm5buczcyb6u1mhhsltly458lpskslej6k02qp88d7j79nxragpo56h2gsay3q39y0l7nbbq', empty_blob());
insert into ADMINISTRADOR (EMPLEADO_ID, USERNAME, PASSWORD, DESCRIPCION_ROL, CERTIFICADO) values (158, 'sdigger4d', 'sDntMODI9rNG', '7bcghpazmncm8py116ggk97ivl66ycs5pcq6b3fkq4l8rsxfvxhv7k5n0lwlhvikdil3fqlgqfkcz50apjmbjgb8q57s7', empty_blob());
insert into ADMINISTRADOR (EMPLEADO_ID, USERNAME, PASSWORD, DESCRIPCION_ROL, CERTIFICADO) values (159, 'jbwye4e', '280HRi8L5tPu', 'waxpm66pttylqohdlj3d89ujejstmz4yy6per43yrr7r0dk4cj00bfyt2t4irls0oq752qa3p83bez9zkuc25rf4ov1cz', empty_blob());
insert into ADMINISTRADOR (EMPLEADO_ID, USERNAME, PASSWORD, DESCRIPCION_ROL, CERTIFICADO) values (160, 'sglanders4f', 'a4h675iyzQRC', 'nsh3dni7fo6gspe50x56q7fbzfm1ptphz8wasl6fnyrr0knx4wfw986i2na7320v3vom56zmt29caozlx0slqaeinbmkw', empty_blob());
insert into ADMINISTRADOR (EMPLEADO_ID, USERNAME, PASSWORD, DESCRIPCION_ROL, CERTIFICADO) values (161, 'sgaines4g', 'NHmGClxN', 'uv6pnvu5anth5uwace3vwl1ngisqqxg1jm4jusl3crtg6d3lce07p53y695kgwpkbsfnd1cg3ttqq7nf2zky4ineqdkvy', empty_blob());
insert into ADMINISTRADOR (EMPLEADO_ID, USERNAME, PASSWORD, DESCRIPCION_ROL, CERTIFICADO) values (162, 'dshrimptone4h', 'OVhzQs9Jh', '36bhr8jf0af7vdxuln76njgcetsil6vq4k9apu6mr6hy8ndxkmebyi1f87jhkt3b8w3fzjxf0vatll8u5zi10dwfld04h', empty_blob());
insert into ADMINISTRADOR (EMPLEADO_ID, USERNAME, PASSWORD, DESCRIPCION_ROL, CERTIFICADO) values (163, 'mgovenlock4i', 'lGILWi', 'jq3cfg8eqcx2013kd031mt1sgoxk52ypk4l4k6eo3gh5cmjsg67ycoyibcnfnqy8tvqj8unfdvq6qf1mblkq3y1ojt3oc', empty_blob());
insert into ADMINISTRADOR (EMPLEADO_ID, USERNAME, PASSWORD, DESCRIPCION_ROL, CERTIFICADO) values (164, 'rstanlock4j', 'jrcdVdytj5T', 'gkawinlynev1kcz963ii6gu0rqim5qrcfm10i21ie7bjs6f0xsiuc339le41kya12ukr731va2rqhmtup831dxeuset3m', empty_blob());
insert into ADMINISTRADOR (EMPLEADO_ID, USERNAME, PASSWORD, DESCRIPCION_ROL, CERTIFICADO) values (165, 'lchestnut4k', 'OAxCS1w', 'd9nd2r361o3smj5i3lt86fecz6h995ao4lak9lus1ubvrriznoib8v8a3fjlpwr0pcb2lfx10t8yu8fi5dxp3q9t7saas', empty_blob());
insert into ADMINISTRADOR (EMPLEADO_ID, USERNAME, PASSWORD, DESCRIPCION_ROL, CERTIFICADO) values (166, 'apiscopiello4l', 'fevU9Q', 'lhw39szezv1ykwfdg508d12vxi9wb3mpxfybzvjflbvls4eq8zfr2qg1zhjd3egczl4vm1l29y546t9i8muqbk61tbxqo', empty_blob());
insert into ADMINISTRADOR (EMPLEADO_ID, USERNAME, PASSWORD, DESCRIPCION_ROL, CERTIFICADO) values (167, 'pellin4m', 'kEaMaq6', 'yy71helefcyvbr05eo27ebr4gbg4goqtt73hyobividp6m4z1jtx6nawurgx2va7zggb61htywm3pbgpmadrxpk8bibpd', empty_blob());
insert into ADMINISTRADOR (EMPLEADO_ID, USERNAME, PASSWORD, DESCRIPCION_ROL, CERTIFICADO) values (168, 'larmfield4n', 'vAgAmP2hd2k', '7g8rpl83wq4bjcv8pa6erd11lp4z1acf2zvu3br0pej3ob9qbs2bukm3kwzufz8h97aeqcs5lpgsclqmrpo9jez4imhz0', empty_blob());
insert into ADMINISTRADOR (EMPLEADO_ID, USERNAME, PASSWORD, DESCRIPCION_ROL, CERTIFICADO) values (169, 'dpibsworth4o', 's2VjbZbItPd', 'th2q0h9i7czrtq1zndkcc0m1hyb1tff3d75slcrbqceo2wipq15i1xs5t1058quumqi0wv38rb3f4gjhfomnn2m76uiiy', empty_blob());
insert into ADMINISTRADOR (EMPLEADO_ID, USERNAME, PASSWORD, DESCRIPCION_ROL, CERTIFICADO) values (170, 'epinkie4p', 'munpQ5', 'n90i49pvlmkw8ryphdcz47a7wdyl5sefi8gjtf8gmb12reoz7xcezznxs4lucx5zwv0gibw3p50r4m7pb8lwbb5bg40ox', empty_blob());
insert into ADMINISTRADOR (EMPLEADO_ID, USERNAME, PASSWORD, DESCRIPCION_ROL, CERTIFICADO) values (171, 'sbranigan4q', 'kmAEryBl', '94i2w1chaz5uzsac458ct2pug0s888u49ckxigoklhj4v3b0yx79lb7o9wxw3fofl4e1kdcjmdcs46tgg8o44ijtdjnu9', empty_blob());
insert into ADMINISTRADOR (EMPLEADO_ID, USERNAME, PASSWORD, DESCRIPCION_ROL, CERTIFICADO) values (172, 'jmaryott4r', 'JxCHRct3b', 'd1py6vtntq22v0qcrr2qojat8qv5952jimqbmyb04dewh27hoyry9jtbt69oxpwjl4wo8cs7rlgy9ihsc2cq06wtm83xo', empty_blob());
insert into ADMINISTRADOR (EMPLEADO_ID, USERNAME, PASSWORD, DESCRIPCION_ROL, CERTIFICADO) values (173, 'hsymcock4s', 'MumUgd7Vn', '9kwrvrqgulx0b1c8rrw95k9ueckil406z1ql21l3d128zojdjbygfrg2kus1x2aj77njwvkjeu2og56ckcd7s3au1zj2z', empty_blob());
insert into ADMINISTRADOR (EMPLEADO_ID, USERNAME, PASSWORD, DESCRIPCION_ROL, CERTIFICADO) values (174, 'ccannan4t', 'ateeedzmGMy', 'kpbf02peykyhpl9fivygnwr3tsgei3vmtrygoas8iqdyxusms7snm6sho4lx9mqu9i1htbctb95yvcaxiv751igchkcfe', empty_blob());
insert into ADMINISTRADOR (EMPLEADO_ID, USERNAME, PASSWORD, DESCRIPCION_ROL, CERTIFICADO) values (175, 'ofriday4u', 'vAFgHzdeMD', 'y0ej5qagp9olwse5dnblpo0sbavu660mqq8dvfyv3e9x1362nnhr41e32whu74ofd1q316bbpfr14b0gkgte3vhrzovv2', empty_blob());
insert into ADMINISTRADOR (EMPLEADO_ID, USERNAME, PASSWORD, DESCRIPCION_ROL, CERTIFICADO) values (176, 'cechalie4v', 'Dl7bPA3JbtR', 'kcm6p0bmtjmo6vt4cw9xrt5iepl8vvlpwnjqx49794ivvm9b145of1tdo9y3qi2uciz0ep3e5vcuw0jkxujf1r4hdvjze', empty_blob());
insert into ADMINISTRADOR (EMPLEADO_ID, USERNAME, PASSWORD, DESCRIPCION_ROL, CERTIFICADO) values (177, 'afull4w', 'M2RGQuLuRKW', 'nkyc5wxkjyhapzzzddecev1l83vr9mmb0rty09pgw5ehca5l3f8q9j9gvp4lobxczryth4wihvkaky631ec69hv3wmg3j', empty_blob());
insert into ADMINISTRADOR (EMPLEADO_ID, USERNAME, PASSWORD, DESCRIPCION_ROL, CERTIFICADO) values (178, 'kshevelin4x', 'YS4uj6QH', 'imjow72h45nemx0k4ogcggapame1ct2teuh3wodiup39qg18sdu3nl3i5u8uwnvzdah6jhh2t3iqxe7jfwutcxe4p7oci', empty_blob());
insert into ADMINISTRADOR (EMPLEADO_ID, USERNAME, PASSWORD, DESCRIPCION_ROL, CERTIFICADO) values (179, 'ncammack4y', 'A3CVcX', '3d2y6epij8ac62x9hhf6iqfi9ycsocfcwcqdmivlx5dat4nwpo6gsf137khjf0wbs3j2fdojc3hyvdruue4g19c077i2m', empty_blob());
insert into ADMINISTRADOR (EMPLEADO_ID, USERNAME, PASSWORD, DESCRIPCION_ROL, CERTIFICADO) values (180, 'areadshaw4z', 'ZJDR1eTQuOqn', 'xcfw3n2cwdrbkd1c2bqvtnxvb5p6d9ejyszrb4nfc86dwp3a5gglcd1vuyqcdpq9b8f3so776kbiidodw6zkyb51w2eth', empty_blob());
insert into ADMINISTRADOR (EMPLEADO_ID, USERNAME, PASSWORD, DESCRIPCION_ROL, CERTIFICADO) values (181, 'tsaywell50', 'vQ2ekUnUHDEZ', 'bi6ubu90ba15utqfiauum92sedrzij4a0aun9j7ay1vw60u73wji4ekxk4ibfaqfooo2q23cpshzoy2np1g10aqxf7me2', empty_blob());
insert into ADMINISTRADOR (EMPLEADO_ID, USERNAME, PASSWORD, DESCRIPCION_ROL, CERTIFICADO) values (182, 'pausiello51', 'aynQkV', 'ff55d98qno2sgj8vx3pgqvjirp2hda7vrvk7jwcfgjqzda3cad5nc0js57qr9id49em95v5lo1fbmuodnrgthj2hybpes', empty_blob());
insert into ADMINISTRADOR (EMPLEADO_ID, USERNAME, PASSWORD, DESCRIPCION_ROL, CERTIFICADO) values (183, 'kerridge52', 'eemIyAYId', '04a558k51kaqxw3faueomyv6b4myz7szpkbc860l71jhlm5igdv0zl5pbm0gh35hri26y0brbstd8d1z5bp6hovsqf2kb', empty_blob());
insert into ADMINISTRADOR (EMPLEADO_ID, USERNAME, PASSWORD, DESCRIPCION_ROL, CERTIFICADO) values (184, 'dlonghorne53', 'e6csWvgxMn4X', 'or5udo29ptnq2db0pun91qg7s2l2jjhaw5tx5nmyyoyra7gta1yl6ndiqq4iyc9m8dsp88hrmn731swgxgbmgudcz0fvr', empty_blob());
insert into ADMINISTRADOR (EMPLEADO_ID, USERNAME, PASSWORD, DESCRIPCION_ROL, CERTIFICADO) values (185, 'scurphey54', 'AMrJxJ', '8ombezlvynxc44w6t05f5wybijpj3ezps9omv4nckui5vs05zpmgv0wz2ur5dcsl02hgirallnwcjlz0lfhqsa1rdy4py', empty_blob());
insert into ADMINISTRADOR (EMPLEADO_ID, USERNAME, PASSWORD, DESCRIPCION_ROL, CERTIFICADO) values (186, 'gbussen55', 'sN7OfIPiR', '4mkyl20wgegob5kzwnn00qx2fqhzct6sd6ezgoc7ggw5v7tfqs7umps0f518ul22ni7sv4nhbtw0p0n40ygugudkmg83i', empty_blob());
insert into ADMINISTRADOR (EMPLEADO_ID, USERNAME, PASSWORD, DESCRIPCION_ROL, CERTIFICADO) values (187, 'fhargrave56', 'TDH4iuZ3HvKl', '4vk814lx90dy1kt18vlx01h2qfwzmsdhp148u514ahbbfhjqti8jzrm5pu27l48ssrq45vaks7zhb5n3aobtf3qhpl8yp', empty_blob());
insert into ADMINISTRADOR (EMPLEADO_ID, USERNAME, PASSWORD, DESCRIPCION_ROL, CERTIFICADO) values (188, 'srebbeck57', '90a2ZF93', 'jr1onktxsbrrwtaxic3rxqiukpftv8sfm2alga4fwl0cbw8humrzr9se03y83v5sstpltqp6eaotdke6hw9q6e33j6la6', empty_blob());
insert into ADMINISTRADOR (EMPLEADO_ID, USERNAME, PASSWORD, DESCRIPCION_ROL, CERTIFICADO) values (189, 'lleile58', '68FvFkXPl', '7jpwt76f8rj75wn7y47gbyc5sujp5dalvtl85cfukvj8g7jmjquq83y6xeyyo0hpmnlcd1thq9vqm3euwlzc6sj2hower', empty_blob());
insert into ADMINISTRADOR (EMPLEADO_ID, USERNAME, PASSWORD, DESCRIPCION_ROL, CERTIFICADO) values (190, 'dstanier59', 'SgXJRDTzgpI', 'qta35o2cw6jyyl7upsbqaq5olrvuu5pkcxn2eemjm0j1k7qb6ca5lxk7vja1xt1rf8wvm8fezynkajub0f1l45zkm7e5v', empty_blob());
insert into ADMINISTRADOR (EMPLEADO_ID, USERNAME, PASSWORD, DESCRIPCION_ROL, CERTIFICADO) values (191, 'khaighton5a', 'LEfo9kp', 'q206gc7dr04qqfnz36vel4imn4rhx8grisj6wve4sj8st10r15mdome1oyn0kc24v6gms308yztgo0jordj92185exliu', empty_blob());
insert into ADMINISTRADOR (EMPLEADO_ID, USERNAME, PASSWORD, DESCRIPCION_ROL, CERTIFICADO) values (192, 'plathleiffure5b', '5KI2hMBjdk7k', 'g4ym29m810ofha0t3lua9mjnes7wwxalp50uinx4e4kl5okql3t24datbom7t3hcndjpbmwmqne9k53g2yhqf7kea8bcz', empty_blob());
insert into ADMINISTRADOR (EMPLEADO_ID, USERNAME, PASSWORD, DESCRIPCION_ROL, CERTIFICADO) values (193, 'ejayume5c', 'CS9pqTFftttx', '5hntxu30zm0hy1ypjkrknwf53hkoioa5y21ksilh0gouyzidzlvmc2rqhcty9ufngjext22ff6vxmolnj3jl9c2fgzgp6', empty_blob());
insert into ADMINISTRADOR (EMPLEADO_ID, USERNAME, PASSWORD, DESCRIPCION_ROL, CERTIFICADO) values (194, 'srosewall5d', '7fsm7X', 'ida5lwb6yusbvu4pyyx8j7aak45rervlxpv0kr13c0zm1dwb65a726uht8qtms4hyrf2jpykve4u2fdk0abcsclydnbnj', empty_blob());
insert into ADMINISTRADOR (EMPLEADO_ID, USERNAME, PASSWORD, DESCRIPCION_ROL, CERTIFICADO) values (195, 'kcossins5e', '4ciFbmNfgxZP', 'zs6oqppbnvop5fy8hv2ofenbzwc5uk2c8q7o9dudkkooopiop3v1bmms1d77mn0wf1z9ryk039aammbx0m9xxfgo5lkgt', empty_blob());
insert into ADMINISTRADOR (EMPLEADO_ID, USERNAME, PASSWORD, DESCRIPCION_ROL, CERTIFICADO) values (196, 'chebbard5f', 'ppKhrl', '9lbysd23c4ikeagko7rs5ud498rjvy0t9mhd3w56o2fg6wr07exig0i8csolqg0pge6n1dlprvb2mp55h5k01hs8n037f', empty_blob());
insert into ADMINISTRADOR (EMPLEADO_ID, USERNAME, PASSWORD, DESCRIPCION_ROL, CERTIFICADO) values (197, 'bpedrol5g', 'FbGcDU', 'wdtoo070xqmp0y4vbv53luqdqoplldne1nuru2rd9so6kp1q71uxiwz6lr3t3jsnz4s10gfe6o7b3bb2hfihgdz59afju', empty_blob());
insert into ADMINISTRADOR (EMPLEADO_ID, USERNAME, PASSWORD, DESCRIPCION_ROL, CERTIFICADO) values (198, 'ejozwicki5h', 'YBXPwTuLT8a', '11syb447e0pspqvdpdbvd9htslv9e1zi68dz1z6i7hi1bmzn8xqyzminagyqfq2sw9cbi5jv96a7clcdc445fxgrfuruv', empty_blob());
insert into ADMINISTRADOR (EMPLEADO_ID, USERNAME, PASSWORD, DESCRIPCION_ROL, CERTIFICADO) values (199, 'amacgragh5i', '6jUfalZSLIxK', 'g5ifhpa5l95yuto0a321ctwfnvcjr1ghj57oszkglccarheji4k7yk8maauiwyhlxljdnce56dmqe4eob37my4ym4xh3u', empty_blob());
insert into ADMINISTRADOR (EMPLEADO_ID, USERNAME, PASSWORD, DESCRIPCION_ROL, CERTIFICADO) values (200, 'gatkirk5j', 'fhe9wgW1J9K', 'on1cim7td719gigskevvj9f4jgth7dw5w5kd25bcnuhmzn0j2bhj8sihd65nrvvami3naaau1t6jkn5gaaxlr2xhuw740', empty_blob());

-- CARGA INSTRUCTOR
insert into INSTRUCTOR (EMPLEADO_ID, CEDULA, ANIOS_EXP, SUPLENTE) values (201, empty_blob(), 19, null);
insert into INSTRUCTOR (EMPLEADO_ID, CEDULA, ANIOS_EXP, SUPLENTE) values (202, empty_blob(), 8, null);
insert into INSTRUCTOR (EMPLEADO_ID, CEDULA, ANIOS_EXP, SUPLENTE) values (203, empty_blob(), 12, null);
insert into INSTRUCTOR (EMPLEADO_ID, CEDULA, ANIOS_EXP, SUPLENTE) values (204, empty_blob(), 13, null);
insert into INSTRUCTOR (EMPLEADO_ID, CEDULA, ANIOS_EXP, SUPLENTE) values (205, empty_blob(), 5, null);
insert into INSTRUCTOR (EMPLEADO_ID, CEDULA, ANIOS_EXP, SUPLENTE) values (206, empty_blob(), 4, null);
insert into INSTRUCTOR (EMPLEADO_ID, CEDULA, ANIOS_EXP, SUPLENTE) values (207, empty_blob(), 9, null);
insert into INSTRUCTOR (EMPLEADO_ID, CEDULA, ANIOS_EXP, SUPLENTE) values (208, empty_blob(), 20, null);
insert into INSTRUCTOR (EMPLEADO_ID, CEDULA, ANIOS_EXP, SUPLENTE) values (209, empty_blob(), 12, null);
insert into INSTRUCTOR (EMPLEADO_ID, CEDULA, ANIOS_EXP, SUPLENTE) values (210, empty_blob(), 12, null);
insert into INSTRUCTOR (EMPLEADO_ID, CEDULA, ANIOS_EXP, SUPLENTE) values (211, empty_blob(), 18, null);
insert into INSTRUCTOR (EMPLEADO_ID, CEDULA, ANIOS_EXP, SUPLENTE) values (212, empty_blob(), 8, null);
insert into INSTRUCTOR (EMPLEADO_ID, CEDULA, ANIOS_EXP, SUPLENTE) values (213, empty_blob(), 14, null);
insert into INSTRUCTOR (EMPLEADO_ID, CEDULA, ANIOS_EXP, SUPLENTE) values (214, empty_blob(), 10, null);
insert into INSTRUCTOR (EMPLEADO_ID, CEDULA, ANIOS_EXP, SUPLENTE) values (215, empty_blob(), 7, null);
insert into INSTRUCTOR (EMPLEADO_ID, CEDULA, ANIOS_EXP, SUPLENTE) values (216, empty_blob(), 10, null);
insert into INSTRUCTOR (EMPLEADO_ID, CEDULA, ANIOS_EXP, SUPLENTE) values (217, empty_blob(), 10, null);
insert into INSTRUCTOR (EMPLEADO_ID, CEDULA, ANIOS_EXP, SUPLENTE) values (218, empty_blob(), 13, null);
insert into INSTRUCTOR (EMPLEADO_ID, CEDULA, ANIOS_EXP, SUPLENTE) values (219, empty_blob(), 13, null);
insert into INSTRUCTOR (EMPLEADO_ID, CEDULA, ANIOS_EXP, SUPLENTE) values (220, empty_blob(), 8, null);
insert into INSTRUCTOR (EMPLEADO_ID, CEDULA, ANIOS_EXP, SUPLENTE) values (221, empty_blob(), 7, null);
insert into INSTRUCTOR (EMPLEADO_ID, CEDULA, ANIOS_EXP, SUPLENTE) values (222, empty_blob(), 18, null);
insert into INSTRUCTOR (EMPLEADO_ID, CEDULA, ANIOS_EXP, SUPLENTE) values (223, empty_blob(), 1, null);
insert into INSTRUCTOR (EMPLEADO_ID, CEDULA, ANIOS_EXP, SUPLENTE) values (224, empty_blob(), 11, null);
insert into INSTRUCTOR (EMPLEADO_ID, CEDULA, ANIOS_EXP, SUPLENTE) values (225, empty_blob(), 3, null);
insert into INSTRUCTOR (EMPLEADO_ID, CEDULA, ANIOS_EXP, SUPLENTE) values (226, empty_blob(), 6, null);
insert into INSTRUCTOR (EMPLEADO_ID, CEDULA, ANIOS_EXP, SUPLENTE) values (227, empty_blob(), 18, null);
insert into INSTRUCTOR (EMPLEADO_ID, CEDULA, ANIOS_EXP, SUPLENTE) values (228, empty_blob(), 19, null);
insert into INSTRUCTOR (EMPLEADO_ID, CEDULA, ANIOS_EXP, SUPLENTE) values (229, empty_blob(), 5, null);
insert into INSTRUCTOR (EMPLEADO_ID, CEDULA, ANIOS_EXP, SUPLENTE) values (230, empty_blob(), 5, null);
insert into INSTRUCTOR (EMPLEADO_ID, CEDULA, ANIOS_EXP, SUPLENTE) values (231, empty_blob(), 9, null);
insert into INSTRUCTOR (EMPLEADO_ID, CEDULA, ANIOS_EXP, SUPLENTE) values (232, empty_blob(), 16, null);
insert into INSTRUCTOR (EMPLEADO_ID, CEDULA, ANIOS_EXP, SUPLENTE) values (233, empty_blob(), 17, null);
insert into INSTRUCTOR (EMPLEADO_ID, CEDULA, ANIOS_EXP, SUPLENTE) values (234, empty_blob(), 11, null);
insert into INSTRUCTOR (EMPLEADO_ID, CEDULA, ANIOS_EXP, SUPLENTE) values (235, empty_blob(), 20, null);
insert into INSTRUCTOR (EMPLEADO_ID, CEDULA, ANIOS_EXP, SUPLENTE) values (236, empty_blob(), 19, null);
insert into INSTRUCTOR (EMPLEADO_ID, CEDULA, ANIOS_EXP, SUPLENTE) values (237, empty_blob(), 6, null);
insert into INSTRUCTOR (EMPLEADO_ID, CEDULA, ANIOS_EXP, SUPLENTE) values (238, empty_blob(), 1, null);
insert into INSTRUCTOR (EMPLEADO_ID, CEDULA, ANIOS_EXP, SUPLENTE) values (239, empty_blob(), 10, null);
insert into INSTRUCTOR (EMPLEADO_ID, CEDULA, ANIOS_EXP, SUPLENTE) values (240, empty_blob(), 12, null);
insert into INSTRUCTOR (EMPLEADO_ID, CEDULA, ANIOS_EXP, SUPLENTE) values (241, empty_blob(), 6, null);
insert into INSTRUCTOR (EMPLEADO_ID, CEDULA, ANIOS_EXP, SUPLENTE) values (242, empty_blob(), 2, null);
insert into INSTRUCTOR (EMPLEADO_ID, CEDULA, ANIOS_EXP, SUPLENTE) values (243, empty_blob(), 9, null);
insert into INSTRUCTOR (EMPLEADO_ID, CEDULA, ANIOS_EXP, SUPLENTE) values (244, empty_blob(), 15, null);
insert into INSTRUCTOR (EMPLEADO_ID, CEDULA, ANIOS_EXP, SUPLENTE) values (245, empty_blob(), 7, null);
insert into INSTRUCTOR (EMPLEADO_ID, CEDULA, ANIOS_EXP, SUPLENTE) values (246, empty_blob(), 15, null);
insert into INSTRUCTOR (EMPLEADO_ID, CEDULA, ANIOS_EXP, SUPLENTE) values (247, empty_blob(), 1, null);
insert into INSTRUCTOR (EMPLEADO_ID, CEDULA, ANIOS_EXP, SUPLENTE) values (248, empty_blob(), 12, null);
insert into INSTRUCTOR (EMPLEADO_ID, CEDULA, ANIOS_EXP, SUPLENTE) values (249, empty_blob(), 3, null);
insert into INSTRUCTOR (EMPLEADO_ID, CEDULA, ANIOS_EXP, SUPLENTE) values (250, empty_blob(), 17, null);
insert into INSTRUCTOR (EMPLEADO_ID, CEDULA, ANIOS_EXP, SUPLENTE) values (251, empty_blob(), 2, null);
insert into INSTRUCTOR (EMPLEADO_ID, CEDULA, ANIOS_EXP, SUPLENTE) values (252, empty_blob(), 13, null);
insert into INSTRUCTOR (EMPLEADO_ID, CEDULA, ANIOS_EXP, SUPLENTE) values (253, empty_blob(), 4, null);
insert into INSTRUCTOR (EMPLEADO_ID, CEDULA, ANIOS_EXP, SUPLENTE) values (254, empty_blob(), 17, null);
insert into INSTRUCTOR (EMPLEADO_ID, CEDULA, ANIOS_EXP, SUPLENTE) values (255, empty_blob(), 12, null);
insert into INSTRUCTOR (EMPLEADO_ID, CEDULA, ANIOS_EXP, SUPLENTE) values (256, empty_blob(), 6, null);
insert into INSTRUCTOR (EMPLEADO_ID, CEDULA, ANIOS_EXP, SUPLENTE) values (257, empty_blob(), 1, null);
insert into INSTRUCTOR (EMPLEADO_ID, CEDULA, ANIOS_EXP, SUPLENTE) values (258, empty_blob(), 6, null);
insert into INSTRUCTOR (EMPLEADO_ID, CEDULA, ANIOS_EXP, SUPLENTE) values (259, empty_blob(), 4, null);
insert into INSTRUCTOR (EMPLEADO_ID, CEDULA, ANIOS_EXP, SUPLENTE) values (260, empty_blob(), 19, null);
insert into INSTRUCTOR (EMPLEADO_ID, CEDULA, ANIOS_EXP, SUPLENTE) values (261, empty_blob(), 3, null);
insert into INSTRUCTOR (EMPLEADO_ID, CEDULA, ANIOS_EXP, SUPLENTE) values (262, empty_blob(), 2, null);
insert into INSTRUCTOR (EMPLEADO_ID, CEDULA, ANIOS_EXP, SUPLENTE) values (263, empty_blob(), 18, null);
insert into INSTRUCTOR (EMPLEADO_ID, CEDULA, ANIOS_EXP, SUPLENTE) values (264, empty_blob(), 17, null);
insert into INSTRUCTOR (EMPLEADO_ID, CEDULA, ANIOS_EXP, SUPLENTE) values (265, empty_blob(), 3, null);
insert into INSTRUCTOR (EMPLEADO_ID, CEDULA, ANIOS_EXP, SUPLENTE) values (266, empty_blob(), 16, null);
insert into INSTRUCTOR (EMPLEADO_ID, CEDULA, ANIOS_EXP, SUPLENTE) values (267, empty_blob(), 20, null);
insert into INSTRUCTOR (EMPLEADO_ID, CEDULA, ANIOS_EXP, SUPLENTE) values (268, empty_blob(), 16, null);
insert into INSTRUCTOR (EMPLEADO_ID, CEDULA, ANIOS_EXP, SUPLENTE) values (269, empty_blob(), 9, null);
insert into INSTRUCTOR (EMPLEADO_ID, CEDULA, ANIOS_EXP, SUPLENTE) values (270, empty_blob(), 6, null);
insert into INSTRUCTOR (EMPLEADO_ID, CEDULA, ANIOS_EXP, SUPLENTE) values (271, empty_blob(), 17, null);
insert into INSTRUCTOR (EMPLEADO_ID, CEDULA, ANIOS_EXP, SUPLENTE) values (272, empty_blob(), 18, null);
insert into INSTRUCTOR (EMPLEADO_ID, CEDULA, ANIOS_EXP, SUPLENTE) values (273, empty_blob(), 2, null);
insert into INSTRUCTOR (EMPLEADO_ID, CEDULA, ANIOS_EXP, SUPLENTE) values (274, empty_blob(), 15, null);
insert into INSTRUCTOR (EMPLEADO_ID, CEDULA, ANIOS_EXP, SUPLENTE) values (275, empty_blob(), 2, null);
insert into INSTRUCTOR (EMPLEADO_ID, CEDULA, ANIOS_EXP, SUPLENTE) values (276, empty_blob(), 15, null);
insert into INSTRUCTOR (EMPLEADO_ID, CEDULA, ANIOS_EXP, SUPLENTE) values (277, empty_blob(), 9, null);
insert into INSTRUCTOR (EMPLEADO_ID, CEDULA, ANIOS_EXP, SUPLENTE) values (278, empty_blob(), 9, null);
insert into INSTRUCTOR (EMPLEADO_ID, CEDULA, ANIOS_EXP, SUPLENTE) values (279, empty_blob(), 18, null);
insert into INSTRUCTOR (EMPLEADO_ID, CEDULA, ANIOS_EXP, SUPLENTE) values (280, empty_blob(), 9, null);
insert into INSTRUCTOR (EMPLEADO_ID, CEDULA, ANIOS_EXP, SUPLENTE) values (281, empty_blob(), 17, null);
insert into INSTRUCTOR (EMPLEADO_ID, CEDULA, ANIOS_EXP, SUPLENTE) values (282, empty_blob(), 5, null);
insert into INSTRUCTOR (EMPLEADO_ID, CEDULA, ANIOS_EXP, SUPLENTE) values (283, empty_blob(), 12, null);
insert into INSTRUCTOR (EMPLEADO_ID, CEDULA, ANIOS_EXP, SUPLENTE) values (284, empty_blob(), 14, null);
insert into INSTRUCTOR (EMPLEADO_ID, CEDULA, ANIOS_EXP, SUPLENTE) values (285, empty_blob(), 12, null);
insert into INSTRUCTOR (EMPLEADO_ID, CEDULA, ANIOS_EXP, SUPLENTE) values (286, empty_blob(), 14, null);
insert into INSTRUCTOR (EMPLEADO_ID, CEDULA, ANIOS_EXP, SUPLENTE) values (287, empty_blob(), 1, null);
insert into INSTRUCTOR (EMPLEADO_ID, CEDULA, ANIOS_EXP, SUPLENTE) values (288, empty_blob(), 2, null);
insert into INSTRUCTOR (EMPLEADO_ID, CEDULA, ANIOS_EXP, SUPLENTE) values (289, empty_blob(), 3, null);
insert into INSTRUCTOR (EMPLEADO_ID, CEDULA, ANIOS_EXP, SUPLENTE) values (290, empty_blob(), 14, null);
insert into INSTRUCTOR (EMPLEADO_ID, CEDULA, ANIOS_EXP, SUPLENTE) values (291, empty_blob(), 4, null);
insert into INSTRUCTOR (EMPLEADO_ID, CEDULA, ANIOS_EXP, SUPLENTE) values (292, empty_blob(), 11, null);
insert into INSTRUCTOR (EMPLEADO_ID, CEDULA, ANIOS_EXP, SUPLENTE) values (293, empty_blob(), 10, null);
insert into INSTRUCTOR (EMPLEADO_ID, CEDULA, ANIOS_EXP, SUPLENTE) values (294, empty_blob(), 10, null);
insert into INSTRUCTOR (EMPLEADO_ID, CEDULA, ANIOS_EXP, SUPLENTE) values (295, empty_blob(), 10, null);
insert into INSTRUCTOR (EMPLEADO_ID, CEDULA, ANIOS_EXP, SUPLENTE) values (296, empty_blob(), 16, null);
insert into INSTRUCTOR (EMPLEADO_ID, CEDULA, ANIOS_EXP, SUPLENTE) values (297, empty_blob(), 14, null);
insert into INSTRUCTOR (EMPLEADO_ID, CEDULA, ANIOS_EXP, SUPLENTE) values (298, empty_blob(), 17, null);
insert into INSTRUCTOR (EMPLEADO_ID, CEDULA, ANIOS_EXP, SUPLENTE) values (299, empty_blob(), 10, null);
insert into INSTRUCTOR (EMPLEADO_ID, CEDULA, ANIOS_EXP, SUPLENTE) values (300, empty_blob(), 6, null);
insert into INSTRUCTOR (EMPLEADO_ID, CEDULA, ANIOS_EXP, SUPLENTE) values (301, empty_blob(), 15, 217);
insert into INSTRUCTOR (EMPLEADO_ID, CEDULA, ANIOS_EXP, SUPLENTE) values (302, empty_blob(), 3, 211);
insert into INSTRUCTOR (EMPLEADO_ID, CEDULA, ANIOS_EXP, SUPLENTE) values (303, empty_blob(), 20, 204);
insert into INSTRUCTOR (EMPLEADO_ID, CEDULA, ANIOS_EXP, SUPLENTE) values (304, empty_blob(), 18, 233);
insert into INSTRUCTOR (EMPLEADO_ID, CEDULA, ANIOS_EXP, SUPLENTE) values (305, empty_blob(), 16, 227);
insert into INSTRUCTOR (EMPLEADO_ID, CEDULA, ANIOS_EXP, SUPLENTE) values (306, empty_blob(), 13, 210);
insert into INSTRUCTOR (EMPLEADO_ID, CEDULA, ANIOS_EXP, SUPLENTE) values (307, empty_blob(), 12, 248);
insert into INSTRUCTOR (EMPLEADO_ID, CEDULA, ANIOS_EXP, SUPLENTE) values (308, empty_blob(), 18, 218);
insert into INSTRUCTOR (EMPLEADO_ID, CEDULA, ANIOS_EXP, SUPLENTE) values (309, empty_blob(), 13, 216);
insert into INSTRUCTOR (EMPLEADO_ID, CEDULA, ANIOS_EXP, SUPLENTE) values (310, empty_blob(), 18, 272);
insert into INSTRUCTOR (EMPLEADO_ID, CEDULA, ANIOS_EXP, SUPLENTE) values (311, empty_blob(), 7, 295);
insert into INSTRUCTOR (EMPLEADO_ID, CEDULA, ANIOS_EXP, SUPLENTE) values (312, empty_blob(), 11, 297);
insert into INSTRUCTOR (EMPLEADO_ID, CEDULA, ANIOS_EXP, SUPLENTE) values (313, empty_blob(), 20, 230);
insert into INSTRUCTOR (EMPLEADO_ID, CEDULA, ANIOS_EXP, SUPLENTE) values (314, empty_blob(), 3, 214);
insert into INSTRUCTOR (EMPLEADO_ID, CEDULA, ANIOS_EXP, SUPLENTE) values (315, empty_blob(), 4, 221);
insert into INSTRUCTOR (EMPLEADO_ID, CEDULA, ANIOS_EXP, SUPLENTE) values (316, empty_blob(), 19, 291);
insert into INSTRUCTOR (EMPLEADO_ID, CEDULA, ANIOS_EXP, SUPLENTE) values (317, empty_blob(), 3, 227);
insert into INSTRUCTOR (EMPLEADO_ID, CEDULA, ANIOS_EXP, SUPLENTE) values (318, empty_blob(), 17, 294);
insert into INSTRUCTOR (EMPLEADO_ID, CEDULA, ANIOS_EXP, SUPLENTE) values (319, empty_blob(), 18, 249);
insert into INSTRUCTOR (EMPLEADO_ID, CEDULA, ANIOS_EXP, SUPLENTE) values (320, empty_blob(), 1, 209);
insert into INSTRUCTOR (EMPLEADO_ID, CEDULA, ANIOS_EXP, SUPLENTE) values (321, empty_blob(), 5, 234);
insert into INSTRUCTOR (EMPLEADO_ID, CEDULA, ANIOS_EXP, SUPLENTE) values (322, empty_blob(), 5, 275);
insert into INSTRUCTOR (EMPLEADO_ID, CEDULA, ANIOS_EXP, SUPLENTE) values (323, empty_blob(), 18, 237);
insert into INSTRUCTOR (EMPLEADO_ID, CEDULA, ANIOS_EXP, SUPLENTE) values (324, empty_blob(), 20, 248);
insert into INSTRUCTOR (EMPLEADO_ID, CEDULA, ANIOS_EXP, SUPLENTE) values (325, empty_blob(), 20, 294);
insert into INSTRUCTOR (EMPLEADO_ID, CEDULA, ANIOS_EXP, SUPLENTE) values (326, empty_blob(), 20, 214);
insert into INSTRUCTOR (EMPLEADO_ID, CEDULA, ANIOS_EXP, SUPLENTE) values (327, empty_blob(), 15, 218);
insert into INSTRUCTOR (EMPLEADO_ID, CEDULA, ANIOS_EXP, SUPLENTE) values (328, empty_blob(), 16, 294);
insert into INSTRUCTOR (EMPLEADO_ID, CEDULA, ANIOS_EXP, SUPLENTE) values (329, empty_blob(), 14, 250);
insert into INSTRUCTOR (EMPLEADO_ID, CEDULA, ANIOS_EXP, SUPLENTE) values (330, empty_blob(), 6, 284);
insert into INSTRUCTOR (EMPLEADO_ID, CEDULA, ANIOS_EXP, SUPLENTE) values (331, empty_blob(), 5, 225);
insert into INSTRUCTOR (EMPLEADO_ID, CEDULA, ANIOS_EXP, SUPLENTE) values (332, empty_blob(), 8, 293);
insert into INSTRUCTOR (EMPLEADO_ID, CEDULA, ANIOS_EXP, SUPLENTE) values (333, empty_blob(), 9, 226);
insert into INSTRUCTOR (EMPLEADO_ID, CEDULA, ANIOS_EXP, SUPLENTE) values (334, empty_blob(), 20, 224);
insert into INSTRUCTOR (EMPLEADO_ID, CEDULA, ANIOS_EXP, SUPLENTE) values (335, empty_blob(), 15, 225);
insert into INSTRUCTOR (EMPLEADO_ID, CEDULA, ANIOS_EXP, SUPLENTE) values (336, empty_blob(), 16, 279);
insert into INSTRUCTOR (EMPLEADO_ID, CEDULA, ANIOS_EXP, SUPLENTE) values (337, empty_blob(), 20, 267);
insert into INSTRUCTOR (EMPLEADO_ID, CEDULA, ANIOS_EXP, SUPLENTE) values (338, empty_blob(), 15, 201);
insert into INSTRUCTOR (EMPLEADO_ID, CEDULA, ANIOS_EXP, SUPLENTE) values (339, empty_blob(), 12, 293);
insert into INSTRUCTOR (EMPLEADO_ID, CEDULA, ANIOS_EXP, SUPLENTE) values (340, empty_blob(), 9, 281);
insert into INSTRUCTOR (EMPLEADO_ID, CEDULA, ANIOS_EXP, SUPLENTE) values (341, empty_blob(), 13, 226);
insert into INSTRUCTOR (EMPLEADO_ID, CEDULA, ANIOS_EXP, SUPLENTE) values (342, empty_blob(), 14, 210);
insert into INSTRUCTOR (EMPLEADO_ID, CEDULA, ANIOS_EXP, SUPLENTE) values (343, empty_blob(), 6, 272);
insert into INSTRUCTOR (EMPLEADO_ID, CEDULA, ANIOS_EXP, SUPLENTE) values (344, empty_blob(), 1, 260);
insert into INSTRUCTOR (EMPLEADO_ID, CEDULA, ANIOS_EXP, SUPLENTE) values (345, empty_blob(), 2, 273);
insert into INSTRUCTOR (EMPLEADO_ID, CEDULA, ANIOS_EXP, SUPLENTE) values (346, empty_blob(), 16, 230);
insert into INSTRUCTOR (EMPLEADO_ID, CEDULA, ANIOS_EXP, SUPLENTE) values (347, empty_blob(), 2, 215);
insert into INSTRUCTOR (EMPLEADO_ID, CEDULA, ANIOS_EXP, SUPLENTE) values (348, empty_blob(), 7, 236);
insert into INSTRUCTOR (EMPLEADO_ID, CEDULA, ANIOS_EXP, SUPLENTE) values (349, empty_blob(), 3, 271);
insert into INSTRUCTOR (EMPLEADO_ID, CEDULA, ANIOS_EXP, SUPLENTE) values (350, empty_blob(), 7, 300);
insert into INSTRUCTOR (EMPLEADO_ID, CEDULA, ANIOS_EXP, SUPLENTE) values (351, empty_blob(), 20, 230);
insert into INSTRUCTOR (EMPLEADO_ID, CEDULA, ANIOS_EXP, SUPLENTE) values (352, empty_blob(), 16, 203);
insert into INSTRUCTOR (EMPLEADO_ID, CEDULA, ANIOS_EXP, SUPLENTE) values (353, empty_blob(), 15, 271);
insert into INSTRUCTOR (EMPLEADO_ID, CEDULA, ANIOS_EXP, SUPLENTE) values (354, empty_blob(), 19, 247);
insert into INSTRUCTOR (EMPLEADO_ID, CEDULA, ANIOS_EXP, SUPLENTE) values (355, empty_blob(), 17, 244);
insert into INSTRUCTOR (EMPLEADO_ID, CEDULA, ANIOS_EXP, SUPLENTE) values (356, empty_blob(), 3, 285);
insert into INSTRUCTOR (EMPLEADO_ID, CEDULA, ANIOS_EXP, SUPLENTE) values (357, empty_blob(), 7, 276);
insert into INSTRUCTOR (EMPLEADO_ID, CEDULA, ANIOS_EXP, SUPLENTE) values (358, empty_blob(), 10, 229);
insert into INSTRUCTOR (EMPLEADO_ID, CEDULA, ANIOS_EXP, SUPLENTE) values (359, empty_blob(), 6, 227);
insert into INSTRUCTOR (EMPLEADO_ID, CEDULA, ANIOS_EXP, SUPLENTE) values (360, empty_blob(), 16, 241);
insert into INSTRUCTOR (EMPLEADO_ID, CEDULA, ANIOS_EXP, SUPLENTE) values (361, empty_blob(), 14, 211);
insert into INSTRUCTOR (EMPLEADO_ID, CEDULA, ANIOS_EXP, SUPLENTE) values (362, empty_blob(), 20, 268);
insert into INSTRUCTOR (EMPLEADO_ID, CEDULA, ANIOS_EXP, SUPLENTE) values (363, empty_blob(), 12, 236);
insert into INSTRUCTOR (EMPLEADO_ID, CEDULA, ANIOS_EXP, SUPLENTE) values (364, empty_blob(), 11, 292);
insert into INSTRUCTOR (EMPLEADO_ID, CEDULA, ANIOS_EXP, SUPLENTE) values (365, empty_blob(), 2, 295);
insert into INSTRUCTOR (EMPLEADO_ID, CEDULA, ANIOS_EXP, SUPLENTE) values (366, empty_blob(), 14, 207);
insert into INSTRUCTOR (EMPLEADO_ID, CEDULA, ANIOS_EXP, SUPLENTE) values (367, empty_blob(), 19, 251);
insert into INSTRUCTOR (EMPLEADO_ID, CEDULA, ANIOS_EXP, SUPLENTE) values (368, empty_blob(), 14, 276);
insert into INSTRUCTOR (EMPLEADO_ID, CEDULA, ANIOS_EXP, SUPLENTE) values (369, empty_blob(), 3, 229);
insert into INSTRUCTOR (EMPLEADO_ID, CEDULA, ANIOS_EXP, SUPLENTE) values (370, empty_blob(), 4, 274);
insert into INSTRUCTOR (EMPLEADO_ID, CEDULA, ANIOS_EXP, SUPLENTE) values (371, empty_blob(), 10, 226);
insert into INSTRUCTOR (EMPLEADO_ID, CEDULA, ANIOS_EXP, SUPLENTE) values (372, empty_blob(), 10, 248);
insert into INSTRUCTOR (EMPLEADO_ID, CEDULA, ANIOS_EXP, SUPLENTE) values (373, empty_blob(), 11, 298);
insert into INSTRUCTOR (EMPLEADO_ID, CEDULA, ANIOS_EXP, SUPLENTE) values (374, empty_blob(), 12, 241);
insert into INSTRUCTOR (EMPLEADO_ID, CEDULA, ANIOS_EXP, SUPLENTE) values (375, empty_blob(), 19, 282);
insert into INSTRUCTOR (EMPLEADO_ID, CEDULA, ANIOS_EXP, SUPLENTE) values (376, empty_blob(), 15, 299);
insert into INSTRUCTOR (EMPLEADO_ID, CEDULA, ANIOS_EXP, SUPLENTE) values (377, empty_blob(), 3, 275);
insert into INSTRUCTOR (EMPLEADO_ID, CEDULA, ANIOS_EXP, SUPLENTE) values (378, empty_blob(), 20, 297);
insert into INSTRUCTOR (EMPLEADO_ID, CEDULA, ANIOS_EXP, SUPLENTE) values (379, empty_blob(), 20, 293);
insert into INSTRUCTOR (EMPLEADO_ID, CEDULA, ANIOS_EXP, SUPLENTE) values (380, empty_blob(), 20, 231);
insert into INSTRUCTOR (EMPLEADO_ID, CEDULA, ANIOS_EXP, SUPLENTE) values (381, empty_blob(), 11, 265);
insert into INSTRUCTOR (EMPLEADO_ID, CEDULA, ANIOS_EXP, SUPLENTE) values (382, empty_blob(), 4, 289);
insert into INSTRUCTOR (EMPLEADO_ID, CEDULA, ANIOS_EXP, SUPLENTE) values (383, empty_blob(), 6, 243);
insert into INSTRUCTOR (EMPLEADO_ID, CEDULA, ANIOS_EXP, SUPLENTE) values (384, empty_blob(), 1, 297);
insert into INSTRUCTOR (EMPLEADO_ID, CEDULA, ANIOS_EXP, SUPLENTE) values (385, empty_blob(), 17, 209);
insert into INSTRUCTOR (EMPLEADO_ID, CEDULA, ANIOS_EXP, SUPLENTE) values (386, empty_blob(), 17, 201);
insert into INSTRUCTOR (EMPLEADO_ID, CEDULA, ANIOS_EXP, SUPLENTE) values (387, empty_blob(), 14, 251);
insert into INSTRUCTOR (EMPLEADO_ID, CEDULA, ANIOS_EXP, SUPLENTE) values (388, empty_blob(), 3, 209);
insert into INSTRUCTOR (EMPLEADO_ID, CEDULA, ANIOS_EXP, SUPLENTE) values (389, empty_blob(), 12, 248);
insert into INSTRUCTOR (EMPLEADO_ID, CEDULA, ANIOS_EXP, SUPLENTE) values (390, empty_blob(), 1, 288);
insert into INSTRUCTOR (EMPLEADO_ID, CEDULA, ANIOS_EXP, SUPLENTE) values (391, empty_blob(), 18, 262);
insert into INSTRUCTOR (EMPLEADO_ID, CEDULA, ANIOS_EXP, SUPLENTE) values (392, empty_blob(), 5, 262);
insert into INSTRUCTOR (EMPLEADO_ID, CEDULA, ANIOS_EXP, SUPLENTE) values (393, empty_blob(), 20, 203);
insert into INSTRUCTOR (EMPLEADO_ID, CEDULA, ANIOS_EXP, SUPLENTE) values (394, empty_blob(), 5, 254);
insert into INSTRUCTOR (EMPLEADO_ID, CEDULA, ANIOS_EXP, SUPLENTE) values (395, empty_blob(), 6, 227);
insert into INSTRUCTOR (EMPLEADO_ID, CEDULA, ANIOS_EXP, SUPLENTE) values (396, empty_blob(), 14, 221);
insert into INSTRUCTOR (EMPLEADO_ID, CEDULA, ANIOS_EXP, SUPLENTE) values (397, empty_blob(), 19, 218);
insert into INSTRUCTOR (EMPLEADO_ID, CEDULA, ANIOS_EXP, SUPLENTE) values (398, empty_blob(), 20, 268);
insert into INSTRUCTOR (EMPLEADO_ID, CEDULA, ANIOS_EXP, SUPLENTE) values (399, empty_blob(), 19, 273);
insert into INSTRUCTOR (EMPLEADO_ID, CEDULA, ANIOS_EXP, SUPLENTE) values (400, empty_blob(), 3, 257);
insert into INSTRUCTOR (EMPLEADO_ID, CEDULA, ANIOS_EXP, SUPLENTE) values (401, empty_blob(), 11, 261);
insert into INSTRUCTOR (EMPLEADO_ID, CEDULA, ANIOS_EXP, SUPLENTE) values (402, empty_blob(), 6, 237);
insert into INSTRUCTOR (EMPLEADO_ID, CEDULA, ANIOS_EXP, SUPLENTE) values (403, empty_blob(), 15, 241);
insert into INSTRUCTOR (EMPLEADO_ID, CEDULA, ANIOS_EXP, SUPLENTE) values (404, empty_blob(), 11, 227);
insert into INSTRUCTOR (EMPLEADO_ID, CEDULA, ANIOS_EXP, SUPLENTE) values (405, empty_blob(), 1, 249);
insert into INSTRUCTOR (EMPLEADO_ID, CEDULA, ANIOS_EXP, SUPLENTE) values (406, empty_blob(), 9, 269);
insert into INSTRUCTOR (EMPLEADO_ID, CEDULA, ANIOS_EXP, SUPLENTE) values (407, empty_blob(), 18, 293);
insert into INSTRUCTOR (EMPLEADO_ID, CEDULA, ANIOS_EXP, SUPLENTE) values (408, empty_blob(), 13, 246);
insert into INSTRUCTOR (EMPLEADO_ID, CEDULA, ANIOS_EXP, SUPLENTE) values (409, empty_blob(), 6, 269);
insert into INSTRUCTOR (EMPLEADO_ID, CEDULA, ANIOS_EXP, SUPLENTE) values (410, empty_blob(), 3, 231);
insert into INSTRUCTOR (EMPLEADO_ID, CEDULA, ANIOS_EXP, SUPLENTE) values (411, empty_blob(), 20, 300);
insert into INSTRUCTOR (EMPLEADO_ID, CEDULA, ANIOS_EXP, SUPLENTE) values (412, empty_blob(), 5, 289);
insert into INSTRUCTOR (EMPLEADO_ID, CEDULA, ANIOS_EXP, SUPLENTE) values (413, empty_blob(), 15, 282);
insert into INSTRUCTOR (EMPLEADO_ID, CEDULA, ANIOS_EXP, SUPLENTE) values (414, empty_blob(), 6, 299);
insert into INSTRUCTOR (EMPLEADO_ID, CEDULA, ANIOS_EXP, SUPLENTE) values (415, empty_blob(), 18, 292);
insert into INSTRUCTOR (EMPLEADO_ID, CEDULA, ANIOS_EXP, SUPLENTE) values (416, empty_blob(), 7, 299);
insert into INSTRUCTOR (EMPLEADO_ID, CEDULA, ANIOS_EXP, SUPLENTE) values (417, empty_blob(), 12, 215);
insert into INSTRUCTOR (EMPLEADO_ID, CEDULA, ANIOS_EXP, SUPLENTE) values (418, empty_blob(), 7, 235);
insert into INSTRUCTOR (EMPLEADO_ID, CEDULA, ANIOS_EXP, SUPLENTE) values (419, empty_blob(), 13, 276);
insert into INSTRUCTOR (EMPLEADO_ID, CEDULA, ANIOS_EXP, SUPLENTE) values (420, empty_blob(), 5, 249);
insert into INSTRUCTOR (EMPLEADO_ID, CEDULA, ANIOS_EXP, SUPLENTE) values (421, empty_blob(), 19, 297);
insert into INSTRUCTOR (EMPLEADO_ID, CEDULA, ANIOS_EXP, SUPLENTE) values (422, empty_blob(), 11, 264);
insert into INSTRUCTOR (EMPLEADO_ID, CEDULA, ANIOS_EXP, SUPLENTE) values (423, empty_blob(), 1, 249);
insert into INSTRUCTOR (EMPLEADO_ID, CEDULA, ANIOS_EXP, SUPLENTE) values (424, empty_blob(), 13, 300);
insert into INSTRUCTOR (EMPLEADO_ID, CEDULA, ANIOS_EXP, SUPLENTE) values (425, empty_blob(), 6, 283);
insert into INSTRUCTOR (EMPLEADO_ID, CEDULA, ANIOS_EXP, SUPLENTE) values (426, empty_blob(), 12, 215);
insert into INSTRUCTOR (EMPLEADO_ID, CEDULA, ANIOS_EXP, SUPLENTE) values (427, empty_blob(), 18, 211);
insert into INSTRUCTOR (EMPLEADO_ID, CEDULA, ANIOS_EXP, SUPLENTE) values (428, empty_blob(), 6, 288);
insert into INSTRUCTOR (EMPLEADO_ID, CEDULA, ANIOS_EXP, SUPLENTE) values (429, empty_blob(), 16, 243);
insert into INSTRUCTOR (EMPLEADO_ID, CEDULA, ANIOS_EXP, SUPLENTE) values (430, empty_blob(), 18, 298);
insert into INSTRUCTOR (EMPLEADO_ID, CEDULA, ANIOS_EXP, SUPLENTE) values (431, empty_blob(), 9, 241);
insert into INSTRUCTOR (EMPLEADO_ID, CEDULA, ANIOS_EXP, SUPLENTE) values (432, empty_blob(), 10, 211);
insert into INSTRUCTOR (EMPLEADO_ID, CEDULA, ANIOS_EXP, SUPLENTE) values (433, empty_blob(), 11, 281);
insert into INSTRUCTOR (EMPLEADO_ID, CEDULA, ANIOS_EXP, SUPLENTE) values (434, empty_blob(), 10, 244);
insert into INSTRUCTOR (EMPLEADO_ID, CEDULA, ANIOS_EXP, SUPLENTE) values (435, empty_blob(), 2, 203);
insert into INSTRUCTOR (EMPLEADO_ID, CEDULA, ANIOS_EXP, SUPLENTE) values (436, empty_blob(), 17, 221);
insert into INSTRUCTOR (EMPLEADO_ID, CEDULA, ANIOS_EXP, SUPLENTE) values (437, empty_blob(), 13, 208);
insert into INSTRUCTOR (EMPLEADO_ID, CEDULA, ANIOS_EXP, SUPLENTE) values (438, empty_blob(), 6, 211);
insert into INSTRUCTOR (EMPLEADO_ID, CEDULA, ANIOS_EXP, SUPLENTE) values (439, empty_blob(), 3, 296);
insert into INSTRUCTOR (EMPLEADO_ID, CEDULA, ANIOS_EXP, SUPLENTE) values (440, empty_blob(), 10, 279);
insert into INSTRUCTOR (EMPLEADO_ID, CEDULA, ANIOS_EXP, SUPLENTE) values (441, empty_blob(), 12, 211);
insert into INSTRUCTOR (EMPLEADO_ID, CEDULA, ANIOS_EXP, SUPLENTE) values (442, empty_blob(), 4, 284);
insert into INSTRUCTOR (EMPLEADO_ID, CEDULA, ANIOS_EXP, SUPLENTE) values (443, empty_blob(), 1, 296);
insert into INSTRUCTOR (EMPLEADO_ID, CEDULA, ANIOS_EXP, SUPLENTE) values (444, empty_blob(), 18, 290);
insert into INSTRUCTOR (EMPLEADO_ID, CEDULA, ANIOS_EXP, SUPLENTE) values (445, empty_blob(), 12, 254);
insert into INSTRUCTOR (EMPLEADO_ID, CEDULA, ANIOS_EXP, SUPLENTE) values (446, empty_blob(), 20, 284);
insert into INSTRUCTOR (EMPLEADO_ID, CEDULA, ANIOS_EXP, SUPLENTE) values (447, empty_blob(), 17, 292);
insert into INSTRUCTOR (EMPLEADO_ID, CEDULA, ANIOS_EXP, SUPLENTE) values (448, empty_blob(), 11, 292);
insert into INSTRUCTOR (EMPLEADO_ID, CEDULA, ANIOS_EXP, SUPLENTE) values (449, empty_blob(), 1, 233);
insert into INSTRUCTOR (EMPLEADO_ID, CEDULA, ANIOS_EXP, SUPLENTE) values (450, empty_blob(), 15, 276);
insert into INSTRUCTOR (EMPLEADO_ID, CEDULA, ANIOS_EXP, SUPLENTE) values (451, empty_blob(), 14, 226);
insert into INSTRUCTOR (EMPLEADO_ID, CEDULA, ANIOS_EXP, SUPLENTE) values (452, empty_blob(), 13, 295);
insert into INSTRUCTOR (EMPLEADO_ID, CEDULA, ANIOS_EXP, SUPLENTE) values (453, empty_blob(), 6, 252);
insert into INSTRUCTOR (EMPLEADO_ID, CEDULA, ANIOS_EXP, SUPLENTE) values (454, empty_blob(), 16, 228);
insert into INSTRUCTOR (EMPLEADO_ID, CEDULA, ANIOS_EXP, SUPLENTE) values (455, empty_blob(), 5, 267);
insert into INSTRUCTOR (EMPLEADO_ID, CEDULA, ANIOS_EXP, SUPLENTE) values (456, empty_blob(), 13, 252);
insert into INSTRUCTOR (EMPLEADO_ID, CEDULA, ANIOS_EXP, SUPLENTE) values (457, empty_blob(), 13, 285);
insert into INSTRUCTOR (EMPLEADO_ID, CEDULA, ANIOS_EXP, SUPLENTE) values (458, empty_blob(), 9, 206);
insert into INSTRUCTOR (EMPLEADO_ID, CEDULA, ANIOS_EXP, SUPLENTE) values (459, empty_blob(), 14, 228);
insert into INSTRUCTOR (EMPLEADO_ID, CEDULA, ANIOS_EXP, SUPLENTE) values (460, empty_blob(), 3, 249);
insert into INSTRUCTOR (EMPLEADO_ID, CEDULA, ANIOS_EXP, SUPLENTE) values (461, empty_blob(), 8, 244);
insert into INSTRUCTOR (EMPLEADO_ID, CEDULA, ANIOS_EXP, SUPLENTE) values (462, empty_blob(), 19, 297);
insert into INSTRUCTOR (EMPLEADO_ID, CEDULA, ANIOS_EXP, SUPLENTE) values (463, empty_blob(), 4, 245);
insert into INSTRUCTOR (EMPLEADO_ID, CEDULA, ANIOS_EXP, SUPLENTE) values (464, empty_blob(), 6, 284);
insert into INSTRUCTOR (EMPLEADO_ID, CEDULA, ANIOS_EXP, SUPLENTE) values (465, empty_blob(), 15, 223);
insert into INSTRUCTOR (EMPLEADO_ID, CEDULA, ANIOS_EXP, SUPLENTE) values (466, empty_blob(), 7, 205);
insert into INSTRUCTOR (EMPLEADO_ID, CEDULA, ANIOS_EXP, SUPLENTE) values (467, empty_blob(), 18, 213);
insert into INSTRUCTOR (EMPLEADO_ID, CEDULA, ANIOS_EXP, SUPLENTE) values (468, empty_blob(), 15, 236);
insert into INSTRUCTOR (EMPLEADO_ID, CEDULA, ANIOS_EXP, SUPLENTE) values (469, empty_blob(), 7, 294);
insert into INSTRUCTOR (EMPLEADO_ID, CEDULA, ANIOS_EXP, SUPLENTE) values (470, empty_blob(), 11, 260);
insert into INSTRUCTOR (EMPLEADO_ID, CEDULA, ANIOS_EXP, SUPLENTE) values (471, empty_blob(), 11, 288);
insert into INSTRUCTOR (EMPLEADO_ID, CEDULA, ANIOS_EXP, SUPLENTE) values (472, empty_blob(), 16, 218);
insert into INSTRUCTOR (EMPLEADO_ID, CEDULA, ANIOS_EXP, SUPLENTE) values (473, empty_blob(), 4, 213);
insert into INSTRUCTOR (EMPLEADO_ID, CEDULA, ANIOS_EXP, SUPLENTE) values (474, empty_blob(), 7, 299);
insert into INSTRUCTOR (EMPLEADO_ID, CEDULA, ANIOS_EXP, SUPLENTE) values (475, empty_blob(), 19, 286);
insert into INSTRUCTOR (EMPLEADO_ID, CEDULA, ANIOS_EXP, SUPLENTE) values (476, empty_blob(), 3, 264);
insert into INSTRUCTOR (EMPLEADO_ID, CEDULA, ANIOS_EXP, SUPLENTE) values (477, empty_blob(), 8, 210);
insert into INSTRUCTOR (EMPLEADO_ID, CEDULA, ANIOS_EXP, SUPLENTE) values (478, empty_blob(), 3, 286);
insert into INSTRUCTOR (EMPLEADO_ID, CEDULA, ANIOS_EXP, SUPLENTE) values (479, empty_blob(), 10, 228);
insert into INSTRUCTOR (EMPLEADO_ID, CEDULA, ANIOS_EXP, SUPLENTE) values (480, empty_blob(), 10, 244);
insert into INSTRUCTOR (EMPLEADO_ID, CEDULA, ANIOS_EXP, SUPLENTE) values (481, empty_blob(), 7, 242);
insert into INSTRUCTOR (EMPLEADO_ID, CEDULA, ANIOS_EXP, SUPLENTE) values (482, empty_blob(), 2, 206);
insert into INSTRUCTOR (EMPLEADO_ID, CEDULA, ANIOS_EXP, SUPLENTE) values (483, empty_blob(), 9, 226);
insert into INSTRUCTOR (EMPLEADO_ID, CEDULA, ANIOS_EXP, SUPLENTE) values (484, empty_blob(), 16, 227);
insert into INSTRUCTOR (EMPLEADO_ID, CEDULA, ANIOS_EXP, SUPLENTE) values (485, empty_blob(), 7, 231);
insert into INSTRUCTOR (EMPLEADO_ID, CEDULA, ANIOS_EXP, SUPLENTE) values (486, empty_blob(), 4, 270);
insert into INSTRUCTOR (EMPLEADO_ID, CEDULA, ANIOS_EXP, SUPLENTE) values (487, empty_blob(), 19, 229);
insert into INSTRUCTOR (EMPLEADO_ID, CEDULA, ANIOS_EXP, SUPLENTE) values (488, empty_blob(), 18, 251);
insert into INSTRUCTOR (EMPLEADO_ID, CEDULA, ANIOS_EXP, SUPLENTE) values (489, empty_blob(), 12, 296);
insert into INSTRUCTOR (EMPLEADO_ID, CEDULA, ANIOS_EXP, SUPLENTE) values (490, empty_blob(), 2, 215);
insert into INSTRUCTOR (EMPLEADO_ID, CEDULA, ANIOS_EXP, SUPLENTE) values (491, empty_blob(), 5, 241);
insert into INSTRUCTOR (EMPLEADO_ID, CEDULA, ANIOS_EXP, SUPLENTE) values (492, empty_blob(), 4, 240);
insert into INSTRUCTOR (EMPLEADO_ID, CEDULA, ANIOS_EXP, SUPLENTE) values (493, empty_blob(), 14, 291);
insert into INSTRUCTOR (EMPLEADO_ID, CEDULA, ANIOS_EXP, SUPLENTE) values (494, empty_blob(), 12, 236);
insert into INSTRUCTOR (EMPLEADO_ID, CEDULA, ANIOS_EXP, SUPLENTE) values (495, empty_blob(), 14, 257);
insert into INSTRUCTOR (EMPLEADO_ID, CEDULA, ANIOS_EXP, SUPLENTE) values (496, empty_blob(), 1, 260);
insert into INSTRUCTOR (EMPLEADO_ID, CEDULA, ANIOS_EXP, SUPLENTE) values (497, empty_blob(), 18, 217);
insert into INSTRUCTOR (EMPLEADO_ID, CEDULA, ANIOS_EXP, SUPLENTE) values (498, empty_blob(), 20, 227);
insert into INSTRUCTOR (EMPLEADO_ID, CEDULA, ANIOS_EXP, SUPLENTE) values (499, empty_blob(), 18, 274);
insert into INSTRUCTOR (EMPLEADO_ID, CEDULA, ANIOS_EXP, SUPLENTE) values (500, empty_blob(), 16, 291);

-- CARGA URL
insert into URL_INSTRUCTOR (URL_INSTRUCTOR_ID, URL, INSTRUCTOR) values (1, 'https://baidu.com', 391);
insert into URL_INSTRUCTOR (URL_INSTRUCTOR_ID, URL, INSTRUCTOR) values (2, 'https://usa.gov', 287);
insert into URL_INSTRUCTOR (URL_INSTRUCTOR_ID, URL, INSTRUCTOR) values (3, 'https://moonfruit.com', 476);
insert into URL_INSTRUCTOR (URL_INSTRUCTOR_ID, URL, INSTRUCTOR) values (4, 'http://wikipedia.org', 370);
insert into URL_INSTRUCTOR (URL_INSTRUCTOR_ID, URL, INSTRUCTOR) values (5, 'https://washingtonpost.com', 218);
insert into URL_INSTRUCTOR (URL_INSTRUCTOR_ID, URL, INSTRUCTOR) values (6, 'http://virginia.edu', 365);
insert into URL_INSTRUCTOR (URL_INSTRUCTOR_ID, URL, INSTRUCTOR) values (7, 'https://economist.com', 488);
insert into URL_INSTRUCTOR (URL_INSTRUCTOR_ID, URL, INSTRUCTOR) values (8, 'http://etsy.com', 283);
insert into URL_INSTRUCTOR (URL_INSTRUCTOR_ID, URL, INSTRUCTOR) values (9, 'https://omniture.com', 403);
insert into URL_INSTRUCTOR (URL_INSTRUCTOR_ID, URL, INSTRUCTOR) values (10, 'http://unicef.org', 448);
insert into URL_INSTRUCTOR (URL_INSTRUCTOR_ID, URL, INSTRUCTOR) values (11, 'http://oracle.com', 245);
insert into URL_INSTRUCTOR (URL_INSTRUCTOR_ID, URL, INSTRUCTOR) values (12, 'https://lycos.com', 342);
insert into URL_INSTRUCTOR (URL_INSTRUCTOR_ID, URL, INSTRUCTOR) values (13, 'https://hugedomains.com', 360);
insert into URL_INSTRUCTOR (URL_INSTRUCTOR_ID, URL, INSTRUCTOR) values (14, 'http://i2i.jp', 384);
insert into URL_INSTRUCTOR (URL_INSTRUCTOR_ID, URL, INSTRUCTOR) values (15, 'https://homestead.com', 203);
insert into URL_INSTRUCTOR (URL_INSTRUCTOR_ID, URL, INSTRUCTOR) values (16, 'https://europa.eu', 473);
insert into URL_INSTRUCTOR (URL_INSTRUCTOR_ID, URL, INSTRUCTOR) values (17, 'https://microsoft.com', 297);
insert into URL_INSTRUCTOR (URL_INSTRUCTOR_ID, URL, INSTRUCTOR) values (18, 'https://google.com.au', 400);
insert into URL_INSTRUCTOR (URL_INSTRUCTOR_ID, URL, INSTRUCTOR) values (19, 'http://economist.com', 437);
insert into URL_INSTRUCTOR (URL_INSTRUCTOR_ID, URL, INSTRUCTOR) values (20, 'https://jiathis.com', 346);
insert into URL_INSTRUCTOR (URL_INSTRUCTOR_ID, URL, INSTRUCTOR) values (21, 'http://people.com.cn', 444);
insert into URL_INSTRUCTOR (URL_INSTRUCTOR_ID, URL, INSTRUCTOR) values (22, 'http://telegraph.co.uk', 303);
insert into URL_INSTRUCTOR (URL_INSTRUCTOR_ID, URL, INSTRUCTOR) values (23, 'http://tumblr.com', 360);
insert into URL_INSTRUCTOR (URL_INSTRUCTOR_ID, URL, INSTRUCTOR) values (24, 'http://mapquest.com', 394);
insert into URL_INSTRUCTOR (URL_INSTRUCTOR_ID, URL, INSTRUCTOR) values (25, 'https://comcast.net', 409);
insert into URL_INSTRUCTOR (URL_INSTRUCTOR_ID, URL, INSTRUCTOR) values (26, 'http://printfriendly.com', 458);
insert into URL_INSTRUCTOR (URL_INSTRUCTOR_ID, URL, INSTRUCTOR) values (27, 'http://house.gov', 345);
insert into URL_INSTRUCTOR (URL_INSTRUCTOR_ID, URL, INSTRUCTOR) values (28, 'http://mozilla.org', 367);
insert into URL_INSTRUCTOR (URL_INSTRUCTOR_ID, URL, INSTRUCTOR) values (29, 'http://statcounter.com', 361);
insert into URL_INSTRUCTOR (URL_INSTRUCTOR_ID, URL, INSTRUCTOR) values (30, 'https://wikipedia.org', 335);
insert into URL_INSTRUCTOR (URL_INSTRUCTOR_ID, URL, INSTRUCTOR) values (31, 'http://biblegateway.com', 322);
insert into URL_INSTRUCTOR (URL_INSTRUCTOR_ID, URL, INSTRUCTOR) values (32, 'http://fda.gov', 447);
insert into URL_INSTRUCTOR (URL_INSTRUCTOR_ID, URL, INSTRUCTOR) values (33, 'http://dmoz.org', 453);
insert into URL_INSTRUCTOR (URL_INSTRUCTOR_ID, URL, INSTRUCTOR) values (34, 'http://rakuten.co.jp', 430);
insert into URL_INSTRUCTOR (URL_INSTRUCTOR_ID, URL, INSTRUCTOR) values (35, 'http://livejournal.com', 268);
insert into URL_INSTRUCTOR (URL_INSTRUCTOR_ID, URL, INSTRUCTOR) values (36, 'https://hibu.com', 495);
insert into URL_INSTRUCTOR (URL_INSTRUCTOR_ID, URL, INSTRUCTOR) values (37, 'http://i2i.jp', 276);
insert into URL_INSTRUCTOR (URL_INSTRUCTOR_ID, URL, INSTRUCTOR) values (38, 'https://weebly.com', 471);
insert into URL_INSTRUCTOR (URL_INSTRUCTOR_ID, URL, INSTRUCTOR) values (39, 'http://histats.com', 324);
insert into URL_INSTRUCTOR (URL_INSTRUCTOR_ID, URL, INSTRUCTOR) values (40, 'http://netvibes.com', 472);
insert into URL_INSTRUCTOR (URL_INSTRUCTOR_ID, URL, INSTRUCTOR) values (41, 'http://theatlantic.com', 223);
insert into URL_INSTRUCTOR (URL_INSTRUCTOR_ID, URL, INSTRUCTOR) values (42, 'https://networksolutions.com', 346);
insert into URL_INSTRUCTOR (URL_INSTRUCTOR_ID, URL, INSTRUCTOR) values (43, 'http://wix.com', 277);
insert into URL_INSTRUCTOR (URL_INSTRUCTOR_ID, URL, INSTRUCTOR) values (44, 'http://github.io', 461);
insert into URL_INSTRUCTOR (URL_INSTRUCTOR_ID, URL, INSTRUCTOR) values (45, 'https://booking.com', 258);
insert into URL_INSTRUCTOR (URL_INSTRUCTOR_ID, URL, INSTRUCTOR) values (46, 'https://yandex.ru', 254);
insert into URL_INSTRUCTOR (URL_INSTRUCTOR_ID, URL, INSTRUCTOR) values (47, 'https://theglobeandmail.com', 437);
insert into URL_INSTRUCTOR (URL_INSTRUCTOR_ID, URL, INSTRUCTOR) values (48, 'http://ning.com', 228);
insert into URL_INSTRUCTOR (URL_INSTRUCTOR_ID, URL, INSTRUCTOR) values (49, 'http://jimdo.com', 451);
insert into URL_INSTRUCTOR (URL_INSTRUCTOR_ID, URL, INSTRUCTOR) values (50, 'https://lulu.com', 264);
insert into URL_INSTRUCTOR (URL_INSTRUCTOR_ID, URL, INSTRUCTOR) values (51, 'https://w3.org', 417);
insert into URL_INSTRUCTOR (URL_INSTRUCTOR_ID, URL, INSTRUCTOR) values (52, 'https://telegraph.co.uk', 258);
insert into URL_INSTRUCTOR (URL_INSTRUCTOR_ID, URL, INSTRUCTOR) values (53, 'http://craigslist.org', 310);
insert into URL_INSTRUCTOR (URL_INSTRUCTOR_ID, URL, INSTRUCTOR) values (54, 'https://epa.gov', 306);
insert into URL_INSTRUCTOR (URL_INSTRUCTOR_ID, URL, INSTRUCTOR) values (55, 'http://ask.com', 426);
insert into URL_INSTRUCTOR (URL_INSTRUCTOR_ID, URL, INSTRUCTOR) values (56, 'https://csmonitor.com', 415);
insert into URL_INSTRUCTOR (URL_INSTRUCTOR_ID, URL, INSTRUCTOR) values (57, 'https://eventbrite.com', 255);
insert into URL_INSTRUCTOR (URL_INSTRUCTOR_ID, URL, INSTRUCTOR) values (58, 'http://reddit.com', 461);
insert into URL_INSTRUCTOR (URL_INSTRUCTOR_ID, URL, INSTRUCTOR) values (59, 'https://feedburner.com', 419);
insert into URL_INSTRUCTOR (URL_INSTRUCTOR_ID, URL, INSTRUCTOR) values (60, 'https://digg.com', 446);
insert into URL_INSTRUCTOR (URL_INSTRUCTOR_ID, URL, INSTRUCTOR) values (61, 'http://yellowpages.com', 352);
insert into URL_INSTRUCTOR (URL_INSTRUCTOR_ID, URL, INSTRUCTOR) values (62, 'https://surveymonkey.com', 327);
insert into URL_INSTRUCTOR (URL_INSTRUCTOR_ID, URL, INSTRUCTOR) values (63, 'http://businesswire.com', 281);
insert into URL_INSTRUCTOR (URL_INSTRUCTOR_ID, URL, INSTRUCTOR) values (64, 'http://indiatimes.com', 342);
insert into URL_INSTRUCTOR (URL_INSTRUCTOR_ID, URL, INSTRUCTOR) values (65, 'http://paginegialle.it', 307);
insert into URL_INSTRUCTOR (URL_INSTRUCTOR_ID, URL, INSTRUCTOR) values (66, 'http://gravatar.com', 354);
insert into URL_INSTRUCTOR (URL_INSTRUCTOR_ID, URL, INSTRUCTOR) values (67, 'http://cdbaby.com', 231);
insert into URL_INSTRUCTOR (URL_INSTRUCTOR_ID, URL, INSTRUCTOR) values (68, 'http://epa.gov', 269);
insert into URL_INSTRUCTOR (URL_INSTRUCTOR_ID, URL, INSTRUCTOR) values (69, 'https://example.com', 361);
insert into URL_INSTRUCTOR (URL_INSTRUCTOR_ID, URL, INSTRUCTOR) values (70, 'https://techcrunch.com', 293);
insert into URL_INSTRUCTOR (URL_INSTRUCTOR_ID, URL, INSTRUCTOR) values (71, 'https://technorati.com', 308);
insert into URL_INSTRUCTOR (URL_INSTRUCTOR_ID, URL, INSTRUCTOR) values (72, 'http://merriam-webster.com', 439);
insert into URL_INSTRUCTOR (URL_INSTRUCTOR_ID, URL, INSTRUCTOR) values (73, 'https://taobao.com', 339);
insert into URL_INSTRUCTOR (URL_INSTRUCTOR_ID, URL, INSTRUCTOR) values (74, 'http://marketwatch.com', 304);
insert into URL_INSTRUCTOR (URL_INSTRUCTOR_ID, URL, INSTRUCTOR) values (75, 'http://zdnet.com', 372);
insert into URL_INSTRUCTOR (URL_INSTRUCTOR_ID, URL, INSTRUCTOR) values (76, 'http://sourceforge.net', 262);
insert into URL_INSTRUCTOR (URL_INSTRUCTOR_ID, URL, INSTRUCTOR) values (77, 'http://etsy.com', 445);
insert into URL_INSTRUCTOR (URL_INSTRUCTOR_ID, URL, INSTRUCTOR) values (78, 'https://nyu.edu', 357);
insert into URL_INSTRUCTOR (URL_INSTRUCTOR_ID, URL, INSTRUCTOR) values (79, 'https://liveinternet.ru', 438);
insert into URL_INSTRUCTOR (URL_INSTRUCTOR_ID, URL, INSTRUCTOR) values (80, 'https://zimbio.com', 445);
insert into URL_INSTRUCTOR (URL_INSTRUCTOR_ID, URL, INSTRUCTOR) values (81, 'http://github.io', 407);
insert into URL_INSTRUCTOR (URL_INSTRUCTOR_ID, URL, INSTRUCTOR) values (82, 'http://columbia.edu', 467);
insert into URL_INSTRUCTOR (URL_INSTRUCTOR_ID, URL, INSTRUCTOR) values (83, 'https://opensource.org', 255);
insert into URL_INSTRUCTOR (URL_INSTRUCTOR_ID, URL, INSTRUCTOR) values (84, 'https://amazon.co.uk', 265);
insert into URL_INSTRUCTOR (URL_INSTRUCTOR_ID, URL, INSTRUCTOR) values (85, 'http://live.com', 309);
insert into URL_INSTRUCTOR (URL_INSTRUCTOR_ID, URL, INSTRUCTOR) values (86, 'http://marketwatch.com', 207);
insert into URL_INSTRUCTOR (URL_INSTRUCTOR_ID, URL, INSTRUCTOR) values (87, 'https://mapquest.com', 291);
insert into URL_INSTRUCTOR (URL_INSTRUCTOR_ID, URL, INSTRUCTOR) values (88, 'https://cloudflare.com', 469);
insert into URL_INSTRUCTOR (URL_INSTRUCTOR_ID, URL, INSTRUCTOR) values (89, 'https://vistaprint.com', 302);
insert into URL_INSTRUCTOR (URL_INSTRUCTOR_ID, URL, INSTRUCTOR) values (90, 'http://cyberchimps.com', 293);
insert into URL_INSTRUCTOR (URL_INSTRUCTOR_ID, URL, INSTRUCTOR) values (91, 'http://boston.com', 372);
insert into URL_INSTRUCTOR (URL_INSTRUCTOR_ID, URL, INSTRUCTOR) values (92, 'http://bandcamp.com', 324);
insert into URL_INSTRUCTOR (URL_INSTRUCTOR_ID, URL, INSTRUCTOR) values (93, 'http://prweb.com', 282);
insert into URL_INSTRUCTOR (URL_INSTRUCTOR_ID, URL, INSTRUCTOR) values (94, 'https://squidoo.com', 270);
insert into URL_INSTRUCTOR (URL_INSTRUCTOR_ID, URL, INSTRUCTOR) values (95, 'http://vimeo.com', 343);
insert into URL_INSTRUCTOR (URL_INSTRUCTOR_ID, URL, INSTRUCTOR) values (96, 'https://yahoo.com', 467);
insert into URL_INSTRUCTOR (URL_INSTRUCTOR_ID, URL, INSTRUCTOR) values (97, 'http://accuweather.com', 382);
insert into URL_INSTRUCTOR (URL_INSTRUCTOR_ID, URL, INSTRUCTOR) values (98, 'http://constantcontact.com', 418);
insert into URL_INSTRUCTOR (URL_INSTRUCTOR_ID, URL, INSTRUCTOR) values (99, 'http://mediafire.com', 473);
insert into URL_INSTRUCTOR (URL_INSTRUCTOR_ID, URL, INSTRUCTOR) values (100, 'https://skyrock.com', 458);
insert into URL_INSTRUCTOR (URL_INSTRUCTOR_ID, URL, INSTRUCTOR) values (101, 'http://is.gd', 202);
insert into URL_INSTRUCTOR (URL_INSTRUCTOR_ID, URL, INSTRUCTOR) values (102, 'https://umich.edu', 494);
insert into URL_INSTRUCTOR (URL_INSTRUCTOR_ID, URL, INSTRUCTOR) values (103, 'https://bandcamp.com', 477);
insert into URL_INSTRUCTOR (URL_INSTRUCTOR_ID, URL, INSTRUCTOR) values (104, 'http://oaic.gov.au', 405);
insert into URL_INSTRUCTOR (URL_INSTRUCTOR_ID, URL, INSTRUCTOR) values (105, 'http://wikia.com', 360);
insert into URL_INSTRUCTOR (URL_INSTRUCTOR_ID, URL, INSTRUCTOR) values (106, 'https://house.gov', 303);
insert into URL_INSTRUCTOR (URL_INSTRUCTOR_ID, URL, INSTRUCTOR) values (107, 'https://archive.org', 231);
insert into URL_INSTRUCTOR (URL_INSTRUCTOR_ID, URL, INSTRUCTOR) values (108, 'http://aboutads.info', 291);
insert into URL_INSTRUCTOR (URL_INSTRUCTOR_ID, URL, INSTRUCTOR) values (109, 'https://yandex.ru', 257);
insert into URL_INSTRUCTOR (URL_INSTRUCTOR_ID, URL, INSTRUCTOR) values (110, 'https://about.com', 362);
insert into URL_INSTRUCTOR (URL_INSTRUCTOR_ID, URL, INSTRUCTOR) values (111, 'https://pen.io', 332);
insert into URL_INSTRUCTOR (URL_INSTRUCTOR_ID, URL, INSTRUCTOR) values (112, 'https://geocities.com', 306);
insert into URL_INSTRUCTOR (URL_INSTRUCTOR_ID, URL, INSTRUCTOR) values (113, 'https://tinyurl.com', 458);
insert into URL_INSTRUCTOR (URL_INSTRUCTOR_ID, URL, INSTRUCTOR) values (114, 'http://slate.com', 392);
insert into URL_INSTRUCTOR (URL_INSTRUCTOR_ID, URL, INSTRUCTOR) values (115, 'https://wikipedia.org', 420);
insert into URL_INSTRUCTOR (URL_INSTRUCTOR_ID, URL, INSTRUCTOR) values (116, 'http://senate.gov', 224);
insert into URL_INSTRUCTOR (URL_INSTRUCTOR_ID, URL, INSTRUCTOR) values (117, 'https://geocities.com', 438);
insert into URL_INSTRUCTOR (URL_INSTRUCTOR_ID, URL, INSTRUCTOR) values (118, 'https://go.com', 299);
insert into URL_INSTRUCTOR (URL_INSTRUCTOR_ID, URL, INSTRUCTOR) values (119, 'https://pcworld.com', 426);
insert into URL_INSTRUCTOR (URL_INSTRUCTOR_ID, URL, INSTRUCTOR) values (120, 'http://house.gov', 213);
insert into URL_INSTRUCTOR (URL_INSTRUCTOR_ID, URL, INSTRUCTOR) values (121, 'http://free.fr', 465);
insert into URL_INSTRUCTOR (URL_INSTRUCTOR_ID, URL, INSTRUCTOR) values (122, 'https://wikispaces.com', 465);
insert into URL_INSTRUCTOR (URL_INSTRUCTOR_ID, URL, INSTRUCTOR) values (123, 'http://vkontakte.ru', 441);
insert into URL_INSTRUCTOR (URL_INSTRUCTOR_ID, URL, INSTRUCTOR) values (124, 'http://etsy.com', 220);
insert into URL_INSTRUCTOR (URL_INSTRUCTOR_ID, URL, INSTRUCTOR) values (125, 'https://deviantart.com', 234);
insert into URL_INSTRUCTOR (URL_INSTRUCTOR_ID, URL, INSTRUCTOR) values (126, 'http://opensource.org', 293);
insert into URL_INSTRUCTOR (URL_INSTRUCTOR_ID, URL, INSTRUCTOR) values (127, 'https://ebay.com', 409);
insert into URL_INSTRUCTOR (URL_INSTRUCTOR_ID, URL, INSTRUCTOR) values (128, 'http://people.com.cn', 397);
insert into URL_INSTRUCTOR (URL_INSTRUCTOR_ID, URL, INSTRUCTOR) values (129, 'http://amazon.co.uk', 452);
insert into URL_INSTRUCTOR (URL_INSTRUCTOR_ID, URL, INSTRUCTOR) values (130, 'https://bloomberg.com', 391);
insert into URL_INSTRUCTOR (URL_INSTRUCTOR_ID, URL, INSTRUCTOR) values (131, 'http://patch.com', 305);
insert into URL_INSTRUCTOR (URL_INSTRUCTOR_ID, URL, INSTRUCTOR) values (132, 'https://cisco.com', 383);
insert into URL_INSTRUCTOR (URL_INSTRUCTOR_ID, URL, INSTRUCTOR) values (133, 'https://slate.com', 358);
insert into URL_INSTRUCTOR (URL_INSTRUCTOR_ID, URL, INSTRUCTOR) values (134, 'http://dropbox.com', 440);
insert into URL_INSTRUCTOR (URL_INSTRUCTOR_ID, URL, INSTRUCTOR) values (135, 'http://dot.gov', 457);
insert into URL_INSTRUCTOR (URL_INSTRUCTOR_ID, URL, INSTRUCTOR) values (136, 'http://xinhuanet.com', 446);
insert into URL_INSTRUCTOR (URL_INSTRUCTOR_ID, URL, INSTRUCTOR) values (137, 'http://wp.com', 236);
insert into URL_INSTRUCTOR (URL_INSTRUCTOR_ID, URL, INSTRUCTOR) values (138, 'http://phpbb.com', 492);
insert into URL_INSTRUCTOR (URL_INSTRUCTOR_ID, URL, INSTRUCTOR) values (139, 'http://guardian.co.uk', 272);
insert into URL_INSTRUCTOR (URL_INSTRUCTOR_ID, URL, INSTRUCTOR) values (140, 'http://wisc.edu', 213);
insert into URL_INSTRUCTOR (URL_INSTRUCTOR_ID, URL, INSTRUCTOR) values (141, 'https://qq.com', 209);
insert into URL_INSTRUCTOR (URL_INSTRUCTOR_ID, URL, INSTRUCTOR) values (142, 'https://webs.com', 291);
insert into URL_INSTRUCTOR (URL_INSTRUCTOR_ID, URL, INSTRUCTOR) values (143, 'https://360.cn', 451);
insert into URL_INSTRUCTOR (URL_INSTRUCTOR_ID, URL, INSTRUCTOR) values (144, 'https://posterous.com', 466);
insert into URL_INSTRUCTOR (URL_INSTRUCTOR_ID, URL, INSTRUCTOR) values (145, 'http://github.io', 274);
insert into URL_INSTRUCTOR (URL_INSTRUCTOR_ID, URL, INSTRUCTOR) values (146, 'https://diigo.com', 420);
insert into URL_INSTRUCTOR (URL_INSTRUCTOR_ID, URL, INSTRUCTOR) values (147, 'https://theglobeandmail.com', 274);
insert into URL_INSTRUCTOR (URL_INSTRUCTOR_ID, URL, INSTRUCTOR) values (148, 'https://theglobeandmail.com', 475);
insert into URL_INSTRUCTOR (URL_INSTRUCTOR_ID, URL, INSTRUCTOR) values (149, 'http://unesco.org', 353);
insert into URL_INSTRUCTOR (URL_INSTRUCTOR_ID, URL, INSTRUCTOR) values (150, 'http://wikipedia.org', 498);

